"Location","Month","ActiveListings","QuotaUtilize","NumClient"
"0","Febuary","368","0.0642589172188848","135"
"4","Febuary","319","0.0635710408995775","77"
"5","Febuary","1719","0.229349944805807","173"
"7","Febuary","1353","0.160378496753837","127"
"8","Febuary","1136","0.188441455418943","100"
"9","Febuary","78072","0.654871646786851","662"
"11","Febuary","1233","0.237710310902415","117"
"12","Febuary","946","0.466703094162967","82"
"48","Febuary","71","0.0566136296365585","32"
"52","Febuary","14","0.10027067353949","5"
"58","Febuary","920","0.463405065674623","71"
"67","Febuary","39","0.0530686670152301","11"
"69","Febuary","231","0.14146887371074","48"
"79","Febuary","358","0.152764840827634","48"
"81","Febuary","326","0.0813000077315207","70"
"88","Febuary","17","0.105032681487501","6"
"93","Febuary","3604","0.330734871982785","203"
"96","Febuary","4","0.00941223845196267","3"
"107","Febuary","17","0.0268032666528597","10"
"128","Febuary","1291","0.100788418543883","117"
"145","Febuary","17","0.0285870135315539","12"
"146","Febuary","124","0.068610171309194","37"
"153","Febuary","101","0.186792211374268","19"
"156","Febuary","53","0.10385722713545","18"
"157","Febuary","302","0.11804508148796","45"
"158","Febuary","22","0.0242240420309827","15"
"160","Febuary","1797","0.265099813830933","88"
"161","Febuary","188","0.12100365907619","28"
"162","Febuary","1368","0.318847992634115","114"
"163","Febuary","1323","0.155745957910386","129"
"164","Febuary","881","0.119244559797724","70"
"165","Febuary","603","0.136216620727238","82"
"166","Febuary","1152","0.134671219165729","94"
"167","Febuary","621","0.205439874758521","87"
"168","Febuary","2169","0.743008778595928","120"
"169","Febuary","129","0.0724289025820326","22"
"170","Febuary","140","0.139078950790489","35"
"171","Febuary","819","0.488756070628629","56"
"173","Febuary","785","0.474177509582409","58"
"174","Febuary","1857","0.896597899981619","60"
"175","Febuary","140","0.257620944975755","31"
"187","Febuary","2","0.030952381901443","2"
"198","Febuary","165","0.0646229178953665","52"
"213","Febuary","10195","0.288393003704518","450"
"224","Febuary","134","0.118932016698333","30"
"232","Febuary","2247","0.278959090098048","201"
"244","Febuary","50","0.11324772820808","17"
"253","Febuary","53","0.055685840267688","25"
"255","Febuary","255","0.128964510000292","49"
"265","Febuary","2","0.0133333336561918","1"
"278","Febuary","449","0.327961822876945","43"
"282","Febuary","1334","0.428796358663766","105"
"301","Febuary","17","0.0682043171487749","5"
"310","Febuary","197","0.165091086451675","38"
"324","Febuary","26","0.0376147891203051","17"
"325","Febuary","10","0.0581521132650475","6"
"326","Febuary","24","0.0477781195211439","13"
"328","Febuary","10","0.0523412718515222","6"
"329","Febuary","2793","0.307116247324022","156"
"330","Febuary","3039","0.415733890088023","133"
"331","Febuary","32","0.0327377183296319","14"
"332","Febuary","205","0.227697137820845","12"
"333","Febuary","195","0.117884345809688","27"
"334","Febuary","258","0.220011421839114","33"
"335","Febuary","242","0.115436624508584","40"
"336","Febuary","210","0.166018629422746","39"
"337","Febuary","199","0.202801089437509","22"
"338","Febuary","1349","0.701789806721111","60"
"340","Febuary","609","0.651821397163125","37"
"342","Febuary","23","0.0690214229165576","10"
"343","Febuary","80","0.0662110030400352","26"
"346","Febuary","217","0.23872523936443","30"
"347","Febuary","5","0.223076926544309","2"
"348","Febuary","18","0.0686878553436448","9"
"350","Febuary","273","0.320834378526809","39"
"351","Febuary","1","0.0181818176060915","1"
"352","Febuary","841","0.702776238739268","67"
"353","Febuary","14","0.185505056753755","4"
"354","Febuary","43","0.122718649398949","9"
"355","Febuary","15","0.130352942273021","5"
"356","Febuary","14","0.0299564722081413","8"
"358","Febuary","2","0.100000001490116","1"
"359","Febuary","1","0.00454545440152287","1"
"360","Febuary","6","0.00915580857545137","5"
"361","Febuary","173","0.132412065224101","45"
"362","Febuary","18","0.40137255001658","6"
"364","Febuary","14","0.0946356554382614","7"
"365","Febuary","3","0.0364583351183683","2"
"366","Febuary","131","0.387970416204018","17"
"367","Febuary","3","0.230769231915474","1"
"368","Febuary","1","0.00357142859138548","1"
"369","Febuary","1","0.0153846153989434","1"
"371","Febuary","411","1.08730368607212","16"
"373","Febuary","1145","0.181610916082864","100"
"374","Febuary","95","0.0280218315601815","10"
"375","Febuary","149","0.087454952239447","30"
"377","Febuary","72","0.31170634770145","12"
"378","Febuary","656","0.0792488249434557","70"
"380","Febuary","139","0.983612218406051","11"
"383","Febuary","4059","0.236668323056479","187"
"386","Febuary","19","0.294065661728382","4"
"387","Febuary","16","0.133980411221273","8"
"390","Febuary","136","0.188830817702692","25"
"391","Febuary","1326","0.150839492437642","57"
"392","Febuary","3","0.0909090936183929","1"
"394","Febuary","116","0.189436643966474","24"
"395","Febuary","18","0.554761902429163","4"
"400","Febuary","1","0.0333333350718021","1"
"401","Febuary","4","0.0265783779323101","4"
"402","Febuary","6","0.00838131327182054","5"
"408","Febuary","1033","0.208861382294344","64"
"410","Febuary","566","0.586147843293535","30"
"413","Febuary","85","0.0799165809225729","34"
"414","Febuary","179","0.205486055804483","14"
"415","Febuary","7","0.0222815826535225","5"
"416","Febuary","8","0.0234161911939736","8"
"417","Febuary","23","0.0455085865784592","12"
"420","Febuary","11","0.228571433573961","2"
"421","Febuary","17","0.137674045574386","4"
"423","Febuary","1591","0.209400645172735","133"
"424","Febuary","245","0.14426875483332","48"
"425","Febuary","17","0.0612591920653358","4"
"426","Febuary","989","1.82952252402445","51"
"427","Febuary","1300","0.17688077210225","152"
"429","Febuary","33","0.0492878408509899","11"
"430","Febuary","258","0.217928846427442","23"
"431","Febuary","1922","0.119533557118848","70"
"433","Febuary","645","1.5549873861138","39"
"434","Febuary","586","0.323133029345725","37"
"435","Febuary","61","0.191549602721352","16"
"438","Febuary","462","0.470658859628583","31"
"439","Febuary","16","0.452786316722631","5"
"441","Febuary","2","0.200000002980232","1"
"443","Febuary","3","0.0185975609347224","2"
"444","Febuary","411","0.0869282243422583","77"
"445","Febuary","75","0.124063219372673","19"
"446","Febuary","994","0.141932492684625","89"
"447","Febuary","16","0.0526552294904832","8"
"448","Febuary","18","0.102450981270522","4"
"449","Febuary","958","0.327970641817559","55"
"450","Febuary","186","0.0697308268602367","49"
"451","Febuary","34","0.0573456532814923","17"
"453","Febuary","8","0.0353275625966489","6"
"454","Febuary","1135","0.193613426869904","110"
"455","Febuary","2","0.00400793657172471","2"
"456","Febuary","428","0.327051686093233","43"
"460","Febuary","1","0.100000001490116","1"
"461","Febuary","3","0.0309523812805613","3"
"462","Febuary","4","0.0819607850474616","3"
"467","Febuary","774","0.428024693972138","54"
"469","Febuary","5","0.0315126046771184","4"
"471","Febuary","8","0.0956068383529782","5"
"472","Febuary","162","0.121175110706827","40"
"473","Febuary","55","0.0515067553923776","15"
"474","Febuary","12","0.0342870490625501","5"
"475","Febuary","11","0.0497111713048071","7"
"476","Febuary","345","0.174495625087645","43"
"478","Febuary","562","0.536272311917855","80"
"479","Febuary","3","0.0221362233472367","3"
"481","Febuary","371","2.24176677289818","7"
"483","Febuary","408","0.581043436774053","18"
"487","Febuary","3917","0.273348785137967","127"
"488","Febuary","5","0.0178500449595352","3"
"489","Febuary","31","0.090951004337209","12"
"490","Febuary","19","0.0963257406062136","6"
"492","Febuary","97","0.04464670831138","35"
"493","Febuary","109","0.0800326592746257","28"
"495","Febuary","3426","0.632601135148434","192"
"497","Febuary","32","0.0859811247947315","15"
"498","Febuary","25","0.0173399750895512","13"
"499","Febuary","242","0.0871640082256383","46"
"501","Febuary","1775","2.16516417484415","34"
"502","Febuary","1","0.0500000007450581","1"
"504","Febuary","1","0.0500000007450581","1"
"509","Febuary","25734","0.622278440584481","302"
"510","Febuary","70","0.141120509065401","26"
"513","Febuary","40","0.168376618264509","7"
"514","Febuary","54","0.209231693314255","14"
"515","Febuary","6","0.122222224250436","2"
"516","Febuary","11","0.0514625862041222","7"
"517","Febuary","334","1.47327611139917","32"
"520","Febuary","18","0.0771314454420159","9"
"522","Febuary","15","0.0131741307365398","3"
"525","Febuary","1352","0.169616874197446","90"
"526","Febuary","24","0.0560635305856439","11"
"528","Febuary","28","0.0638252169063145","11"
"529","Febuary","3","0.0954545475542545","2"
"530","Febuary","23","0.0335221883973905","7"
"531","Febuary","8","0.019437067831556","6"
"532","Febuary","102","0.265286418155301","20"
"533","Febuary","25","0.120795455888252","11"
"534","Febuary","1390","1.29948817257854","55"
"535","Febuary","51","0.200731803729598","14"
"537","Febuary","12","0.0970833352766931","7"
"538","Febuary","1","0.0285714287310839","1"
"540","Febuary","60","0.196711939483066","16"
"543","Febuary","427","0.281890564557398","20"
"545","Febuary","1","0.0111111113801599","1"
"547","Febuary","664","0.123187899934577","83"
"558","Febuary","2","0.0328502422198653","2"
"561","Febuary","13","0.0163718527328456","8"
"562","Febuary","558","0.821784362952202","41"
"563","Febuary","35","0.0403297680313699","16"
"564","Febuary","5","0.0228355959213028","3"
"565","Febuary","1","0.0153846153989434","1"
"566","Febuary","12","0.0589242202229798","5"
"567","Febuary","3","0.150000005960464","1"
"569","Febuary","154","0.862104337414106","15"
"570","Febuary","1577","0.432217499805399","169"
"571","Febuary","226","0.112213653320861","45"
"573","Febuary","1","0.0058823530562222","1"
"574","Febuary","320","1.7771075280228","24"
"575","Febuary","7","0.203333340585232","4"
"576","Febuary","109","0.403010561053331","15"
"577","Febuary","1","0.0500000007450581","1"
"578","Febuary","1","0.0058823530562222","1"
"579","Febuary","5","0.0731601746131976","3"
"580","Febuary","462","0.476312656946437","43"
"581","Febuary","40","0.324004440257947","9"
"582","Febuary","31","0.14545635293637","14"
"583","Febuary","9","0.0709893075749278","5"
"584","Febuary","4","0.0173039220971987","4"
"585","Febuary","135","0.212641200568113","9"
"587","Febuary","272","1.91108715204921","21"
"615","Febuary","19","0.0355441214245123","12"
"616","Febuary","4940","0.453874408317987","152"
"618","Febuary","1","0.0500000007450581","1"
"619","Febuary","1","0.0181818176060915","1"
"620","Febuary","33","0.157568684779108","6"
"623","Febuary","1","0.0151515156030655","1"
"627","Febuary","14","0.0819179881946184","4"
"628","Febuary","2","0.00826645269989967","2"
"630","Febuary","3","0.0428571440279484","1"
"632","Febuary","24218","0.719441678027105","476"
"634","Febuary","13","0.0510147072374821","10"
"635","Febuary","1","0.0105263162404299","1"
"637","Febuary","363","0.123458498679351","56"
"639","Febuary","6","0.300000011920929","1"
"645","Febuary","108","0.892000017315149","5"
"646","Febuary","6","0.0925137911302348","3"
"649","Febuary","1","0.00625000009313226","1"
"651","Febuary","1","0.0500000007450581","1"
"652","Febuary","6","0.0343239383073524","4"
"654","Febuary","7","0.0700000002980232","1"
"655","Febuary","9","0.260826222598553","3"
"658","Febuary","124","0.422108256472991","13"
"661","Febuary","1","0.0117647061124444","1"
"662","Febuary","9","0.899999976158142","1"
"663","Febuary","4","0.200000006705523","2"
"664","Febuary","35","0.078540150576052","17"
"667","Febuary","438","0.989625659751017","23"
"668","Febuary","123","0.595540826767683","5"
"669","Febuary","3","0.048571428284049","2"
"672","Febuary","62","0.368414042783635","7"
"673","Febuary","38","0.17715090026872","9"
"677","Febuary","412","0.196946300198761","64"
"681","Febuary","10","0.0522848889896912","7"
"682","Febuary","6","0.0493154772557318","4"
"683","Febuary","48","0.119229916172723","6"
"691","Febuary","1","0.0370370373129845","1"
"693","Febuary","42","1.46560849994421","2"
"697","Febuary","25","0.164133988527788","9"
"702","Febuary","6","0.175000000745058","2"
"704","Febuary","4","0.0141779789701104","3"
"706","Febuary","696","0.29735040008204","41"
"707","Febuary","1","0.0500000007450581","1"
"710","Febuary","1","0.200000002980232","1"
"712","Febuary","3","0.207692310679704","2"
"713","Febuary","2","0.200000002980232","2"
"714","Febuary","2","0.0150000001303852","2"
"715","Febuary","5","0.0105813951231539","2"
"716","Febuary","34","1.84705889225006","2"
"717","Febuary","62","0.184765438799961","13"
"718","Febuary","2","0.133333336561918","2"
"719","Febuary","46","0.492351730021515","7"
"720","Febuary","24","0.116020707114201","7"
"722","Febuary","17","0.0941398509645036","7"
"723","Febuary","1","0.200000002980232","1"
"724","Febuary","4","0.0139517347173144","3"
"725","Febuary","262","0.273954508229508","8"
"726","Febuary","8","0.0498319334816188","5"
"728","Febuary","146","0.126042313175276","10"
"729","Febuary","36","0.160529837012291","6"
"730","Febuary","7","0.027198880026117","5"
"732","Febuary","7","0.0213918992085382","6"
"734","Febuary","1","0.0029411765281111","1"
"737","Febuary","257","0.402751459176407","19"
"738","Febuary","38","0.0994117529004474","11"
"739","Febuary","15","0.0670344180194661","10"
"743","Febuary","15","0.13203146581405","7"
"744","Febuary","5","0.00899552833288908","4"
"745","Febuary","19","0.172840570879634","5"
"746","Febuary","6","0.0264705886753897","3"
"748","Febuary","12","0.177777780840794","3"
"749","Febuary","79","0.538194440421648","8"
"752","Febuary","7","0.202702705748379","2"
"753","Febuary","4","0.266666680574417","1"
"754","Febuary","5","0.0808823560364544","2"
"755","Febuary","1","0.0500000007450581","1"
"756","Febuary","76","0.0578028305048625","26"
"757","Febuary","14","0.013412089794516","13"
"758","Febuary","20","0.0560768751427531","10"
"759","Febuary","2","0.0529411772731692","2"
"760","Febuary","52","0.0950597012249221","14"
"761","Febuary","8","0.0249922197932998","3"
"763","Febuary","369","0.136101022195362","48"
"764","Febuary","699","0.204568572057096","71"
"766","Febuary","450","0.157099726541977","48"
"767","Febuary","7","0.0380952398603161","3"
"768","Febuary","82","0.46736575406976","10"
"779","Febuary","71","0.951836309686769","8"
"780","Febuary","44","0.0940409251488745","12"
"781","Febuary","331","0.204337744523996","29"
"783","Febuary","2","0.0625000009313226","2"
"788","Febuary","1","0.0285714287310839","1"
"795","Febuary","1","0.0344827584922314","1"
"805","Febuary","5","0.0666666676600774","3"
"813","Febuary","1","0.100000001490116","1"
"816","Febuary","1","0.0500000007450581","1"
"835","Febuary","1","0.0500000007450581","1"
"836","Febuary","4","0.0666666701436043","1"
"843","Febuary","1","0.0142857143655419","1"
"855","Febuary","1","0.0333333350718021","1"
"858","Febuary","1","0.00444444455206394","1"
"892","Febuary","4","0.117241380736232","2"
"893","Febuary","121","0.193113959711892","11"
"896","Febuary","1","0.100000001490116","1"
"897","Febuary","2","0.0155555554665625","2"
"901","Febuary","1","0.0500000007450581","1"
"915","Febuary","1","0.0199999995529652","1"
"920","Febuary","1","0.0058823530562222","1"
"923","Febuary","1","0.0285714287310839","1"
"924","Febuary","16","0.132593414746225","4"
"940","Febuary","2","0.0529411772731692","2"
"942","Febuary","6","0.114583336282521","4"
"955","Febuary","2","0.00238636357244104","2"
"957","Febuary","1","0.0399999991059303","1"
"973","Febuary","124","1.06656869679379","6"
"985","Febuary","1","0.100000001490116","1"
"986","Febuary","23","0.41666667163372","2"
"991","Febuary","14","0.204906210303307","3"
"996","Febuary","4","0.105494508519769","2"
"997","Febuary","6","0.109077383996919","4"
"998","Febuary","6","0.0378138540545478","4"
"999","Febuary","1","0.0500000007450581","1"
"1000","Febuary","110","0.525261646835133","12"
"1001","Febuary","4","0.200000002980232","1"
"1003","Febuary","13","0.0866666659712791","1"
"1004","Febuary","11","0.0666666682809591","7"
"1006","Febuary","1502","0.439950637071161","50"
"1007","Febuary","10","0.0905637267278507","4"
"1009","Febuary","12","0.177777776494622","2"
"1012","Febuary","78","0.118800328761738","14"
"1013","Febuary","1340","0.561861326733532","65"
"1014","Febuary","2496","0.361152474004084","91"
"1017","Febuary","2","0.00992063502781093","2"
"1020","Febuary","416","0.932875445535915","11"
"1022","Febuary","169","1.42499997653067","2"
"1023","Febuary","28","0.0908099310472608","9"
"1024","Febuary","61","0.0925297105452046","15"
"1026","Febuary","123","0.084638138241699","33"
"1027","Febuary","4","0.0170469580528637","3"
"1028","Febuary","20","0.218685425817966","7"
"1029","Febuary","5","0.0603603627532721","2"
"1031","Febuary","24","0.247222231701016","4"
"1032","Febuary","5","0.0229313753079623","4"
"1033","Febuary","5","0.0469849481247365","5"
"1038","Febuary","1","0.0333333350718021","1"
"1039","Febuary","55","0.0583303876651021","26"
"1040","Febuary","20","0.324610493239015","5"
"1041","Febuary","1","0.0434782616794109","1"
"1045","Febuary","1034","0.240109224509644","76"
"1047","Febuary","106","0.289774565300082","17"
"1049","Febuary","2","0.0393939409404993","2"
"1050","Febuary","237","0.295675759676904","31"
"1052","Febuary","180","0.0803756445621778","19"
"1053","Febuary","8","0.1024553575553","4"
"1054","Febuary","1","0.0117647061124444","1"
"1055","Febuary","2","0.0148148145526648","1"
"1056","Febuary","685","1.31510854720631","17"
"1057","Febuary","12","0.0692727864952758","4"
"1058","Febuary","652","0.979586816551587","44"
"1062","Febuary","5","0.216666672378778","2"
"1063","Febuary","1","0.00303030293434858","1"
"1067","Febuary","1","0.025000000372529","1"
"1068","Febuary","3","0.0627450998872519","2"
"1073","Febuary","3","0.0388888907618821","2"
"1074","Febuary","37","0.110594179650599","11"
"1075","Febuary","39","0.0731763711199164","15"
"1078","Febuary","1","0.03125","1"
"1079","Febuary","6","0.0230497201555409","4"
"1080","Febuary","404","0.558948893509805","25"
"1081","Febuary","1","0.0500000007450581","1"
"1087","Febuary","5","0.060752688596646","3"
"1090","Febuary","4","0.0444444455206394","3"
"1092","Febuary","1","0.00434782588854432","1"
"1094","Febuary","12","0.0395100072159299","7"
"1096","Febuary","6","0.0639705891953781","4"
"1099","Febuary","3","0.150000005960464","1"
"1100","Febuary","1","0.0500000007450581","1"
"1101","Febuary","388","0.0940473661175929","46"
"1103","Febuary","3701","0.201575290027714","67"
"1104","Febuary","3","0.0135746607556939","2"
"1106","Febuary","2","0.0340375603991561","2"
"1108","Febuary","12","0.122222223629554","3"
"1112","Febuary","9","0.0431372560560703","3"
"1117","Febuary","2","0.28571429848671","1"
"1118","Febuary","23","0.0633831945283768","13"
"1126","Febuary","543","0.766949193990406","17"
"1128","Febuary","1","0.100000001490116","1"
"1132","Febuary","2","0.200000002980232","1"
"1133","Febuary","1","0.00312500004656613","1"
"1134","Febuary","148","0.106269888746153","28"
"1140","Febuary","422","0.712268134423842","36"
"1141","Febuary","28","0.526666682958603","5"
"1143","Febuary","35","0.85769233154133","2"
"1144","Febuary","2","0.0227027023211122","2"
"1146","Febuary","4","0.138888890544573","3"
"1147","Febuary","189","0.135083474676914","46"
"1149","Febuary","1","0.0117647061124444","1"
"1156","Febuary","110","0.439102564834886","9"
"1164","Febuary","618","0.387198609995863","45"
"1170","Febuary","28","0.114790552994236","6"
"1176","Febuary","9","0.300000011920929","1"
"1186","Febuary","1","0.0117647061124444","1"
"1188","Febuary","7","0.0411764718592167","1"
"1189","Febuary","10","0.0478267114542957","7"
"1192","Febuary","7","0.301470600184985","2"
"1193","Febuary","2","0.0058823530562222","1"
"1195","Febuary","64","0.0709187909029424","5"
"1197","Febuary","6","0.105882357029865","3"
"1199","Febuary","53","0.028373279835796","10"
"1200","Febuary","3","0.0109943981515244","2"
"1202","Febuary","189","0.191718620189931","5"
"1203","Febuary","3","0.00882352981716394","1"
"1205","Febuary","8","0.0281375014289681","7"
"1207","Febuary","33","0.0353548379149288","5"
"1208","Febuary","4","0.0346949895222982","3"
"1210","Febuary","7","0.0680303042754531","4"
"1211","Febuary","22","0.257407414416472","3"
"1212","Febuary","7","0.0553869056049734","5"
"1215","Febuary","1","0.0058823530562222","1"
"1216","Febuary","1","0.200000002980232","1"
"1219","Febuary","452","0.203877923138064","57"
"1226","Febuary","22","0.110110861249268","5"
"1227","Febuary","607","0.779305548690583","23"
"1228","Febuary","2","0.00621212110854685","2"
"1231","Febuary","1","0.0142857143655419","1"
"1234","Febuary","1","0.0058823530562222","1"
"1236","Febuary","1","0.025000000372529","1"
"1237","Febuary","1","0.0023809524718672","1"
"1238","Febuary","5","0.0132782075088471","5"
"1240","Febuary","8","0.0113963161905607","3"
"1241","Febuary","80","0.043472131335875","20"
"1242","Febuary","258","0.0716297452861909","40"
"1246","Febuary","1","0.200000002980232","1"
"1247","Febuary","6","0.0218855104176328","4"
"1249","Febuary","1","0.0111111113801599","1"
"1250","Febuary","1","0.0153846153989434","1"
"1252","Febuary","2","0.200000002980232","1"
"1253","Febuary","1","0.025000000372529","1"
"1256","Febuary","15","0.0373356556519866","4"
"1260","Febuary","5","0.0617320278193802","5"
"1264","Febuary","2","0.0458333352580667","2"
"1265","Febuary","10","0.212499998509884","2"
"1266","Febuary","24","0.106216335935252","7"
"1267","Febuary","6","0.0702127668385704","3"
"1269","Febuary","126","0.0985110908791068","21"
"1270","Febuary","10","0.0313912091776729","5"
"1271","Febuary","25","0.0232682388450485","8"
"1275","Febuary","2","0.0307692307978868","1"
"1281","Febuary","1","0.0333333350718021","1"
"1287","Febuary","208","0.105986604209033","37"
"1288","Febuary","1","0.0454545468091965","1"
"1290","Febuary","329","0.165191396368512","30"
"1291","Febuary","208","0.32444122272344","14"
"1295","Febuary","12","0.0619326479112109","6"
"1298","Febuary","2","0.0279411769006401","2"
"1300","Febuary","1","0.0153846153989434","1"
"1303","Febuary","35","0.158607848314568","10"
"1304","Febuary","18","0.0449081061977065","9"
"1306","Febuary","3","0.0279411769006401","2"
"1307","Febuary","1","0.025000000372529","1"
"1310","Febuary","219","0.764256426097395","13"
"1313","Febuary","8","0.054366098344326","5"
"1314","Febuary","1638","1.08536613694124","66"
"1315","Febuary","19","0.0487343437450293","13"
"1316","Febuary","213","0.131715154632305","30"
"1318","Febuary","3","0.0750000029802322","1"
"1319","Febuary","20","0.15220708749257","8"
"1325","Febuary","3","0.300000004470348","2"
"1331","Febuary","2","0.0307692307978868","1"
"1332","Febuary","12","0.131784190773033","8"
"1334","Febuary","7","0.0714052299348017","3"
"1339","Febuary","4","0.177777782082558","3"
"1340","Febuary","14","0.145238101482391","3"
"1342","Febuary","1","0.0500000007450581","1"
"1348","Febuary","2","0.0666666701436043","2"
"1351","Febuary","7","0.0324671237263829","5"
"1352","Febuary","1","0.0058823530562222","1"
"1353","Febuary","2","0.116666669026017","2"
"1355","Febuary","2","0.0571428574621677","1"
"1356","Febuary","196","0.0677114963715818","48"
"1357","Febuary","1","0.00248138955794275","1"
"1359","Febuary","137","0.0777113982052966","33"
"1360","Febuary","40","0.0865509264792005","6"
"1361","Febuary","6","0.100000003352761","2"
"1362","Febuary","6","0.0851851863165696","3"
"1363","Febuary","1","0.00625000009313226","1"
"1367","Febuary","71","0.521969694023331","6"
"1368","Febuary","4","0.0471220770074675","3"
"1369","Febuary","76","3.79999995231628","1"
"1374","Febuary","3","0.0416666688397527","2"
"1378","Febuary","412","0.22781488047062","52"
"1380","Febuary","1","0.0029411765281111","1"
"1383","Febuary","859","0.315254260800206","65"
"1387","Febuary","224","1.62290357277644","22"
"1388","Febuary","67","0.654603194259107","5"
"1389","Febuary","24","0.182919970015064","8"
"1391","Febuary","1","0.0555555559694767","1"
"1392","Febuary","3","0.119999997317791","1"
"1393","Febuary","15","0.0283421848046904","6"
"1394","Febuary","2","0.0666666701436043","1"
"1397","Febuary","1","0.00454545440152287","1"
"1398","Febuary","1","0.0105263162404299","1"
"1399","Febuary","6","0.116000002250075","2"
"1400","Febuary","45","0.0986844001537455","14"
"1403","Febuary","6","0.0325256107995907","3"
"1404","Febuary","184","1.03526153006048","24"
"1407","Febuary","3","0.0833333376795053","2"
"1408","Febuary","3","0.0036934376306211","3"
"1409","Febuary","361","0.339221382307421","35"
"1410","Febuary","2249","0.254062896254923","155"
"1413","Febuary","18","0.229365083447192","4"
"1417","Febuary","763","0.297442207225309","29"
"1418","Febuary","771","0.209165633520893","62"
"1423","Febuary","124","0.281275542483976","15"
"1429","Febuary","1499","0.207504960813851","123"
"1431","Febuary","2","0.00470588216558099","1"
"1433","Febuary","73","4.86666679382324","1"
"1434","Febuary","30","0.112112033646554","4"
"1435","Febuary","17","0.0295455228936459","7"
"1436","Febuary","2","1","1"
"1437","Febuary","9","0.0928902135735067","6"
"1456","Febuary","219","0.196425454729858","18"
"1457","Febuary","59","0.0919221095844275","9"
"1459","Febuary","53","0.312421657610685","6"
"1460","Febuary","18","0.114640448987484","5"
"1462","Febuary","4","0.0113210055666665","3"
"1464","Febuary","2","0.00825825845822692","2"
"1466","Febuary","212","0.20925592398271","24"
"1468","Febuary","34","0.0467203668175408","13"
"1471","Febuary","1","0.0058823530562222","1"
"1472","Febuary","3","0.0279223228183885","3"
"1473","Febuary","2","0.0154411767143756","2"
"1474","Febuary","9447","0.301498678272067","146"
"1475","Febuary","9","0.0491748372248063","6"
"1487","Febuary","414","0.315937321904736","18"
"1489","Febuary","2","0.0267857146682218","2"
"1491","Febuary","25","0.477777785621583","4"
"1492","Febuary","1","0.0125000001862645","1"
"1493","Febuary","4","0.0799999982118607","1"
"1501","Febuary","1","0.0500000007450581","1"
"1502","Febuary","9","0.0774691350137194","3"
"1504","Febuary","57","0.0521280583010853","14"
"1505","Febuary","1","0.0058823530562222","1"
"1510","Febuary","1","0.0285714287310839","1"
"1511","Febuary","18","0.0683521358961506","7"
"1512","Febuary","18","0.0431667459197342","9"
"1514","Febuary","392","0.193857419894748","43"
"1515","Febuary","29","0.0761607456952333","8"
"1516","Febuary","37","0.0906552053056657","9"
"1517","Febuary","13","0.0262580472975969","5"
"1518","Febuary","329","0.439756672474852","22"
"1559","Febuary","6","0.0676479083485901","4"
"1560","Febuary","79","0.0407812055558539","13"
"1561","Febuary","12","0.054242327605607","8"
"1609","Febuary","42","0.063040408026427","10"
"1660","Febuary","1","0.0500000007450581","1"
"1677","Febuary","816","0.18920987131943","56"
"1679","Febuary","2","0.00490196095779538","2"
"1681","Febuary","18","0.116876316389867","7"
"1682","Febuary","7646","0.358414829642936","101"
"1683","Febuary","1","0.100000001490116","1"
"1684","Febuary","41","0.0521762511343695","20"
"1686","Febuary","10","0.370370358228683","1"
"1689","Febuary","3","0.0750000029802322","1"
"1696","Febuary","8","0.0192771553605174","6"
"1699","Febuary","7","0.583333313465118","1"
"1706","Febuary","48","0.0421054347263028","15"
"1707","Febuary","5","0.0404411770869046","4"
"1709","Febuary","337","0.282018940080889","8"
"1717","Febuary","2","0.0328502422198653","2"
"1718","Febuary","51","0.0275813435669988","20"
"1719","Febuary","18","0.0840805041204606","7"
"1724","Febuary","29","0.0380387276209976","11"
"3023","Febuary","4","0.0184967319946736","4"
"3026","Febuary","33","0.0590757051249966","8"
"3027","Febuary","23","0.0287709288299084","5"
"3083","Febuary","2008","0.938856143469888","54"
"3087","Febuary","1","0.0769230797886848","1"
"3090","Febuary","2","0.100000001490116","1"
"3091","Febuary","41","0.0665697177442221","13"
"3092","Febuary","5","0.0291468260693364","4"
"3096","Febuary","122","0.0808230293740053","20"
"3098","Febuary","1067","0.166954286183549","123"
"3101","Febuary","253","0.217953291086649","22"
"3104","Febuary","4","0.0233333335878948","3"
"3105","Febuary","26","0.0756475341506302","10"
"3111","Febuary","2","0.0750000011175871","2"
"3113","Febuary","1","0.0117647061124444","1"
"3138","Febuary","41","0.138698882237077","10"
"3139","Febuary","36","0.13684874214232","7"
"3153","Febuary","4","0.105128206623097","3"
"3188","Febuary","10266","0.374227736360005","309"
"3229","Febuary","2","0.120000001043081","2"
"3244","Febuary","30","0.064156066509895","4"
"3290","Febuary","6","0.00656128100429972","3"
"3321","Febuary","444","0.291111075099748","44"
"3336","Febuary","3","0.0269607848022133","2"
"3397","Febuary","56","0.0850149419081087","27"
"3419","Febuary","41","0.69297593097306","9"
"3426","Febuary","87","0.805461214347319","11"
"3453","Febuary","2","0.00748663092963398","2"
"3454","Febuary","10","0.142857147114617","7"
"3456","Febuary","32","0.15958774012203","6"
"3460","Febuary","1","0.0333333350718021","1"
"3461","Febuary","62","0.118193877225911","11"
"3464","Febuary","398","0.165337277162406","45"
"3475","Febuary","3","0.0750000029802322","1"
"3485","Febuary","12","0.0508044156659808","9"
"3490","Febuary","46","0.167960095064094","6"
"3500","Febuary","1","0.0105263162404299","1"
"3508","Febuary","43","0.0232718571981726","12"
"3555","Febuary","2406","0.474103287815057","109"
"4083","Febuary","97","0.0457761171041057","40"
"4349","Febuary","1","0.0500000007450581","1"
"4350","Febuary","6","0.0268783081167688","3"
"4352","Febuary","3","0.0276315794326365","2"
"4354","Febuary","19","0.314285726286471","2"
"4355","Febuary","1","0.00249999994412065","1"
"4357","Febuary","9","0.0270106967072934","7"
"4359","Febuary","353","0.336093914643344","18"
"4360","Febuary","2","0.0666666701436043","1"
"4361","Febuary","2","0.125","1"
"4364","Febuary","7","0.0480572405271232","5"
"4365","Febuary","23","0.0471733335289173","8"
"4366","Febuary","12","0.0553182245542606","6"
"4375","Febuary","8","0.0156063348520547","5"
"4377","Febuary","42","0.113915417653819","9"
"4378","Febuary","23","0.0232037432957441","15"
"4380","Febuary","2","0.063513514585793","2"
"4383","Febuary","3","0.00652173906564713","1"
"4387","Febuary","6","0.200000002980232","1"
"4389","Febuary","1","0.0666666701436043","1"
"4391","Febuary","17","0.0729506171441504","7"
"4392","Febuary","16","0.0272089666686952","7"
"4398","Febuary","13","0.0461295353403936","3"
"4401","Febuary","20","0.0717241051606834","6"
"4402","Febuary","26","0.0338490209542215","7"
"4408","Febuary","1","0.0058823530562222","1"
"4409","Febuary","41","0.0961601659655571","4"
"4410","Febuary","3","0.0362745115999132","2"
"4411","Febuary","11","0.0254217172507197","5"
"4418","Febuary","1","0.0222222227603197","1"
"4419","Febuary","4","0.0192357396008447","4"
"4420","Febuary","35","0.0296105418761726","20"
"4421","Febuary","159","0.094928563805297","5"
"4424","Febuary","16","0.0294945696368814","7"
"4425","Febuary","6","0.0102887759373213","6"
"4426","Febuary","15","0.0172090370208025","5"
"4427","Febuary","1","0.0111111113801599","1"
"4430","Febuary","341","0.160657600586324","43"
"4434","Febuary","1","0.0333333350718021","1"
"4445","Febuary","3","0.0183257919270545","2"
"4447","Febuary","2","0.0666666701436043","1"
"4448","Febuary","3","0.0286295460537076","3"
"4449","Febuary","1","0.0500000007450581","1"
"4450","Febuary","2","0.0235294122248888","1"
"4451","Febuary","64","0.110364148207009","5"
"4453","Febuary","1","0.0256410259753466","1"
"4455","Febuary","1","0.0399999991059303","1"
"4456","Febuary","30","0.0912418328225613","3"
"4457","Febuary","18","0.254905274719931","4"
"4459","Febuary","8","0.0562770568455259","3"
"4461","Febuary","2","0.0160256414674222","2"
"4463","Febuary","3","0.0157894734293222","1"
"4464","Febuary","2","0.00912698428146541","2"
"4466","Febuary","2","0.0666666701436043","1"
"4468","Febuary","1","0.0058823530562222","1"
"4471","Febuary","14","0.0370743428689561","7"
"4472","Febuary","7","0.133375957841054","2"
"4475","Febuary","1","0.0333333350718021","1"
"4486","Febuary","7","0.699999988079071","1"
"4487","Febuary","6","0.0491596649711331","3"
"4492","Febuary","2","0.0179166675079614","2"
"4495","Febuary","1","0.00215053767897189","1"
"4496","Febuary","1","0.0166666675359011","1"
"4497","Febuary","3","0.0373015888035297","3"
"4501","Febuary","14","0.0630240704631433","8"
"4503","Febuary","1","0.0333333350718021","1"
"4504","Febuary","365","0.224723479150467","37"
"4510","Febuary","637","0.316914827439801","35"
"4517","Febuary","2","0.00972222269047052","2"
"4518","Febuary","7","0.04026582185179","5"
"4520","Febuary","1","0.0058823530562222","1"
"4521","Febuary","1","0.0166666675359011","1"
"4524","Febuary","11","0.0745378156591739","7"
"4526","Febuary","2","0.181818187236786","1"
"4531","Febuary","2","0.00439045194070786","2"
"4532","Febuary","4","0.162500006146729","2"
"4533","Febuary","12","0.280000001192093","2"
"4534","Febuary","7","0.195454552769661","2"
"4535","Febuary","1","0.00248138955794275","1"
"4537","Febuary","9","0.449999988079071","1"
"4548","Febuary","2","0.200000002980232","1"
"4554","Febuary","6","0.0488536157645285","3"
"4555","Febuary","11","0.0448881459555456","7"
"4556","Febuary","2","0.0359649141319096","2"
"4557","Febuary","5","0.0904761925339699","2"
"4559","Febuary","2","0.0427272729575634","2"
"4561","Febuary","2","0.0106334842275828","2"
"4562","Febuary","1","0.0111111113801599","1"
"4566","Febuary","3","0.0511705693788826","2"
"4567","Febuary","49","0.12472894298844","6"
"4568","Febuary","4","0.0117647061124444","1"
"4569","Febuary","93","0.0327578665094514","29"
"4572","Febuary","6","0.0587030083173886","5"
"4573","Febuary","46","0.0667248910073848","17"
"4574","Febuary","42","0.0272776650682349","29"
"4575","Febuary","61","0.122646281806131","12"
"4576","Febuary","100","0.0729873262171168","36"
"4577","Febuary","3","0.0328605202957988","2"
"4581","Febuary","1","0.0199999995529652","1"
"4582","Febuary","1","0.0117647061124444","1"
"4583","Febuary","2","0.00627450994215906","2"
"4584","Febuary","13","0.0147902885946678","8"
"4596","Febuary","2","0.0579365091398358","2"
"4599","Febuary","1","0.0153846153989434","1"
"4601","Febuary","1","0.142857149243355","1"
"4604","Febuary","1","0.0285714287310839","1"
"4657","Febuary","7","0.0676666680723429","5"
"4658","Febuary","6","0.078985508531332","3"
"4659","Febuary","27","0.106356839416549","10"
"4665","Febuary","7","0.280000001192093","1"
"4666","Febuary","41","0.183611115440726","3"
"4671","Febuary","4","0.0292483667532603","3"
"4672","Febuary","85","0.310543871986178","13"
"4673","Febuary","5","0.0563218407332897","3"
"4681","Febuary","2","0.027777778217569","2"
"4685","Febuary","10","0.153333336114883","3"
"4691","Febuary","7","0.142592590302229","2"
"4697","Febuary","2","0.0187500002793968","2"
"4702","Febuary","53","0.488888890870536","6"
"4703","Febuary","4","0.00672268914058805","1"
"4704","Febuary","10","0.400000005960464","1"
"4726","Febuary","1","0.025000000372529","1"
"4797","Febuary","1","0.00289855082519352","1"
"4800","Febuary","1","0.0333333350718021","1"
"4801","Febuary","1","0.00289855082519352","1"
"4802","Febuary","1","0.00312500004656613","1"
"4805","Febuary","1","0.0199999995529652","1"
"4814","Febuary","1","0.0285714287310839","1"
"4870","Febuary","7","0.127272725105286","1"
"4874","Febuary","4","0.0522727277129889","2"
"4889","Febuary","5","0.0875000022351742","2"
"4890","Febuary","140","0.652719259572526","12"
"4892","Febuary","1","0.00499999988824129","1"
"4893","Febuary","1","0.100000001490116","1"
"4900","Febuary","24","0.239999994635582","1"
"4902","Febuary","11","0.160000002011657","4"
"4903","Febuary","1","0.00999999977648258","1"
"4904","Febuary","1","0.0666666701436043","1"
"4916","Febuary","50","0.649305582046509","4"
"4928","Febuary","4","0.159999996423721","1"
"4930","Febuary","1","0.00625000009313226","1"
"4931","Febuary","52","0.874074074750145","3"
"4934","Febuary","5","0.0408333349041641","2"
"4945","Febuary","341","0.709376577753574","16"
"4949","Febuary","1","0.0500000007450581","1"
"4962","Febuary","5","0.0833333358168602","1"
"4963","Febuary","1","0.0285714287310839","1"
"4970","Febuary","1","0.100000001490116","1"
"4972","Febuary","15","0.75","1"
"4975","Febuary","1","0.0399999991059303","1"
"4976","Febuary","1","0.0399999991059303","1"
"4980","Febuary","31","0.297023818961212","7"
"4981","Febuary","50","0.277569441497326","10"
"4984","Febuary","2","0.100000001490116","1"
"4985","Febuary","12","1.20000004768372","1"
"4992","Febuary","584","2.54696969518607","11"
"5014","Febuary","2","0.0102040814235806","1"
"5016","Febuary","44","0.5267777021043","5"
"5029","Febuary","70","0.434160165255889","8"
"5034","Febuary","2","0.039285714738071","2"
"5035","Febuary","2","0.16666667163372","1"
"5037","Febuary","72","0.507312943360635","7"
"5039","Febuary","1","0.0285714287310839","1"
"5042","Febuary","3","0.0299999993294477","1"
"5046","Febuary","21","0.514285714365542","2"
"5048","Febuary","8","0.0850000008940697","2"
"5049","Febuary","14","0.193872556090355","4"
"5050","Febuary","1","0.0399999991059303","1"
"5055","Febuary","1","0.0285714287310839","1"
"5061","Febuary","2","0.100000001490116","1"
"5063","Febuary","5","0.5","1"
"5065","Febuary","6","0.133333340287209","1"
"5079","Febuary","3","0.0295368051156402","3"
"5085","Febuary","27","0.431481481840213","3"
"5099","Febuary","1","0.0344827584922314","1"
"5121","Febuary","709","0.204969042777952","59"
"5147","Febuary","915","1.56862704653759","20"
"5222","Febuary","1","0.0500000007450581","1"
"5254","Febuary","1","0.0500000007450581","1"
"5263","Febuary","1","0.0333333350718021","1"
"5264","Febuary","8","0.0694444452722867","3"
"5272","Febuary","1","0.0500000007450581","1"
"5289","Febuary","1","0.0277777779847384","1"
"5290","Febuary","2","0.0555555559694767","1"
"5294","Febuary","4","0.0871212147176266","2"
"5296","Febuary","1","0.0277777779847384","1"
"5297","Febuary","1","0.00909090880304575","1"
"5311","Febuary","1","0.0666666701436043","1"
"5314","Febuary","1","0.0277777779847384","1"
"5316","Febuary","1","0.111111111938953","1"
"5317","Febuary","4","0.0566666671074927","3"
"5320","Febuary","3","0.0545454551465809","2"
"5359","Febuary","4","0.181818187236786","1"
"5361","Febuary","1","0.00277777784503996","1"
"5371","Febuary","1","0.0500000007450581","1"
"5379","Febuary","1","0.0500000007450581","1"
"5381","Febuary","9","0.449999988079071","1"
"5388","Febuary","1","0.0500000007450581","1"
"5397","Febuary","5","0.25","1"
"5409","Febuary","1","0.0500000007450581","1"
"5414","Febuary","1","0.0500000007450581","1"
"5433","Febuary","12","0.0208196436675886","3"
"5442","Febuary","4","0.06612903252244","2"
"5455","Febuary","2","0.100000001490116","1"
"5477","Febuary","1","0.0029411765281111","1"
"5486","Febuary","30","0.0882352963089943","1"
"5589","Febuary","1","0.025000000372529","1"
"5590","Febuary","2","0.0500000007450581","1"
"5591","Febuary","5","0.0527777795990308","3"
"5595","Febuary","2","0.0500000007450581","1"
"5692","Febuary","13","0.3761904767404","3"
"5694","Febuary","1","0.0555555559694767","1"
"5695","Febuary","22","0.245454542338848","2"
"5700","Febuary","1","0.0500000007450581","1"
"5703","Febuary","1","0.100000001490116","1"
"5704","Febuary","4","0.0619047631820043","3"
"5705","Febuary","86","0.135917109925122","21"
"5707","Febuary","1","0.0058823530562222","1"
"5722","Febuary","2","0.200000002980232","1"
"5734","Febuary","3","0.0599999986588955","1"
"5735","Febuary","4","0.200000002980232","1"
"5739","Febuary","9","0.0841666683554649","4"
"5747","Febuary","11","0.102173914434388","2"
"5749","Febuary","1","0.100000001490116","1"
"5755","Febuary","1","0.00434782588854432","1"
"5756","Febuary","1","0.00434782588854432","1"
"5758","Febuary","4","0.100000001490116","1"
"5762","Febuary","7","0.0450000005463759","6"
"5776","Febuary","2","0.0160000007599592","1"
"5777","Febuary","13","0.0708482151530916","8"
"5780","Febuary","3","0.0555555559694767","1"
"5782","Febuary","2","0.0666666701436043","1"
"5788","Febuary","39","0.150080213958228","11"
"5790","Febuary","1","0.0117647061124444","1"
"5813","Febuary","3","0.300000011920929","1"
"5815","Febuary","1","0.0111111113801599","1"
"5820","Febuary","3872","1.31910309817299","95"
"5829","Febuary","3","0.00740517970795433","3"
"5837","Febuary","4","0.02426739980001","2"
"5838","Febuary","1","0.0153846153989434","1"
"5840","Febuary","4","0.0308994717585544","3"
"5841","Febuary","1","0.100000001490116","1"
"5883","Febuary","3","0.0686936955899","2"
"5886","Febuary","7","0.101211927365512","4"
"5887","Febuary","2","0.055952382273972","2"
"5893","Febuary","5","0.0629528998397291","4"
"5896","Febuary","3","0.0810810774564743","1"
"5897","Febuary","2","0.16666667163372","1"
"5898","Febuary","2","0.0277992282062769","2"
"5901","Febuary","9","0.143121695766846","3"
"5902","Febuary","6","0.126455027610064","3"
"5904","Febuary","20","0.152441285783425","8"
"5906","Febuary","1","0.0270270276814699","1"
"5908","Febuary","1","0.0270270276814699","1"
"5912","Febuary","1","0.0270270276814699","1"
"5916","Febuary","2","0.039285714738071","2"
"5920","Febuary","2","0.0500000007450581","1"
"5932","Febuary","1","0.00277777784503996","1"
"5936","Febuary","58","0.330314499991281","7"
"5938","Febuary","1","0.0500000007450581","1"
"5950","Febuary","1","0.0399999991059303","1"
"5951","Febuary","2","0.0799999982118607","1"
"5969","Febuary","9","0.153140094131231","2"
"5978","Febuary","4","0.0657004844397306","2"
"5980","Febuary","851","1.2528074341427","35"
"5984","Febuary","3","0.22272727638483","2"
"5985","Febuary","4","0.5","1"
"5986","Febuary","21","0.925000011920929","4"
"5988","Febuary","3","0.00599206355400383","3"
"5989","Febuary","1","0.142857149243355","1"
"5990","Febuary","8","0.0319095253013074","5"
"5991","Febuary","2","0.0262499996460974","2"
"5992","Febuary","1","0.200000002980232","1"
"5999","Febuary","2","0.0833333358168602","2"
"6000","Febuary","1","0.0058823530562222","1"
"6002","Febuary","21","0.146875003352761","8"
"6003","Febuary","1","0.0058823530562222","1"
"6008","Febuary","4","0.137065640185028","4"
"6010","Febuary","26","0.691025648266077","4"
"6012","Febuary","3","0.0360000018651287","3"
"6016","Febuary","2","0.14583333581686","2"
"6018","Febuary","13","0.814492755879959","3"
"6020","Febuary","35","0.231124006677419","4"
"6025","Febuary","1","0.00800000037997961","1"
"6027","Febuary","18","0.363305316617091","3"
"6034","Febuary","37","0.454583341255784","8"
"6036","Febuary","3","0.100000001490116","1"
"6038","Febuary","1","0.0666666701436043","1"
"6040","Febuary","36","0.344211025473972","6"
"6041","Febuary","2","0.0117647061124444","1"
"6045","Febuary","3","0.0558823538012803","2"
"6046","Febuary","2","0.25","1"
"6058","Febuary","46","0.405076537281275","7"
"6059","Febuary","2","0.133333340287209","1"
"6079","Febuary","1","0.0222222227603197","1"
"6081","Febuary","1","0.0500000007450581","1"
"6101","Febuary","1","0.0500000007450581","1"
"6105","Febuary","1","0.0058823530562222","1"
"6114","Febuary","1","0.0500000007450581","1"
"6117","Febuary","1","0.0222222227603197","1"
"6120","Febuary","1","0.111111111938953","1"
"6125","Febuary","2","0.222222223877907","1"
"6126","Febuary","2","0.111111111938953","2"
"6129","Febuary","3","0.333333343267441","1"
"6140","Febuary","1","0.111111111938953","1"
"6142","Febuary","1","0.030303031206131","1"
"6149","Febuary","1","0.00392156885936856","1"
"6151","Febuary","13","0.318736389589806","3"
"6152","Febuary","1","0.0399999991059303","1"
"6153","Febuary","2","0.222222223877907","1"
"6157","Febuary","1","0.111111111938953","1"
"6167","Febuary","2","0.0351515151560307","2"
"6176","Febuary","4","0.25","1"
"6177","Febuary","8","0.130303032696247","2"
"6180","Febuary","1","0.030303031206131","1"
"6181","Febuary","6","0.244444452226162","2"
"6184","Febuary","1","0.100000001490116","1"
"6186","Febuary","3","0.333333343267441","1"
"6210","Febuary","1","0.0058823530562222","1"
"6212","Febuary","1","0.025000000372529","1"
"6215","Febuary","1","0.025000000372529","1"
"6216","Febuary","2","0.0375000005587935","2"
"6217","Febuary","1","0.0142857143655419","1"
"6220","Febuary","2","0.0500000007450581","1"
"6222","Febuary","1","0.100000001490116","1"
"6237","Febuary","4","0.0668174978345633","3"
"6257","Febuary","1","0.00625000009313226","1"
"6263","Febuary","10","0.087727275211364","4"
"6270","Febuary","1","0.0833333358168602","1"
"6278","Febuary","55","0.690555542086562","3"
"6280","Febuary","6","0.0199999995529652","1"
"6288","Febuary","1","0.0111111113801599","1"
"6300","Febuary","8","0.0266666673123837","1"
"6312","Febuary","3","0.0167247387580574","2"
"6317","Febuary","3","0.100000001490116","1"
"6333","Febuary","1","0.0058823530562222","1"
"6384","Febuary","1","0.0500000007450581","1"
"6393","Febuary","2","0.100000001490116","1"
"6396","Febuary","1","0.00277777784503996","1"
"6401","Febuary","9","0.300000011920929","1"
"6403","Febuary","4","0.0571428574621677","1"
"6408","Febuary","153","0.339787058532238","13"
"6417","Febuary","2","0.0219607839826494","2"
"6440","Febuary","1","0.0153846153989434","1"
"6444","Febuary","1","0.00196078442968428","1"
"6452","Febuary","1","0.100000001490116","1"
"6460","Febuary","3","0.0670329686254263","2"
"6480","Febuary","2","0.0571428574621677","1"
"6507","Febuary","2","0.117647059261799","1"
"6510","Febuary","1","0.0285714287310839","1"
"6563","Febuary","3","0.0293650797878702","3"
"6605","Febuary","6","0.0153015875723213","5"
"6668","Febuary","1","0.00666666682809591","1"
"6669","Febuary","20","0.284166669473052","4"
"6809","Febuary","47","0.0460702645677057","11"
"6813","Febuary","28","0.0833791516382586","11"
"6858","Febuary","2469","0.392946816984819","234"
"6916","Febuary","712","0.24537014689019","99"
"6957","Febuary","11","0.026744325711791","7"
"7142","Febuary","2","0.0522727279458195","2"
"7143","Febuary","1","0.0117647061124444","1"
"7269","Febuary","114","0.0925911533850012","16"
"7292","Febuary","38","0.0502726326125081","11"
"7311","Febuary","1","0.00161290320102125","1"
"7346","Febuary","1","0.0666666701436043","1"
"7403","Febuary","2","0.0625000009313226","2"
"7410","Febuary","2","0.0625000009313226","2"
"7424","Febuary","1","0.0666666701436043","1"
"7428","Febuary","2","0.133333340287209","1"
"7430","Febuary","1","0.111111111938953","1"
"7440","Febuary","2","0.0500000007450581","2"
"7441","Febuary","3","0.048970399890095","2"
"7444","Febuary","1","0.0500000007450581","1"
"7451","Febuary","2","0.0909090936183929","1"
"7471","Febuary","2","0.00470588216558099","1"
"7472","Febuary","1","0.0500000007450581","1"
"7556","Febuary","1","0.0555555559694767","1"
"7560","Febuary","1","0.0555555559694767","1"
"7569","Febuary","1","0.0833333358168602","1"
"7570","Febuary","12","0.200489515066147","5"
"7575","Febuary","4","0.0347222229465842","2"
"7586","Febuary","2","0.0444444455206394","1"
"7587","Febuary","12","0.33333333581686","3"
"7588","Febuary","1","0.0333333350718021","1"
"7593","Febuary","3","0.0403823181986809","3"
"7596","Febuary","1","0.0322580635547638","1"
"7640","Febuary","14","0.61904764175415","2"
"7645","Febuary","3","0.0375000014901161","1"
"7651","Febuary","2","0.0500000007450581","1"
"7652","Febuary","5","0.135135129094124","1"
"7658","Febuary","3","0.428571432828903","1"
"7659","Febuary","1","0.100000001490116","1"
"7660","Febuary","43","0.255712251955022","12"
"7667","Febuary","1","0.0399999991059303","1"
"7668","Febuary","3","0.0666666701436043","1"
"7745","Febuary","2","0.0444444455206394","1"
"7788","Febuary","1","0.00188679248094559","1"
"7868","Febuary","1","0.00266666663810611","1"
"7893","Febuary","1","0.200000002980232","1"
"7944","Febuary","18","0.0446143641990299","6"
"7945","Febuary","2","0.00419117650017142","2"
"7947","Febuary","3","0.00735591220048567","3"
"7950","Febuary","222","0.0839145725864607","18"
"7955","Febuary","46","0.0644322848820593","8"
"7956","Febuary","237","1.24736845493317","1"
"7958","Febuary","1","0.0058823530562222","1"
"7959","Febuary","122","0.0333236126275733","25"
"7960","Febuary","46","0.464524089504266","8"
"7961","Febuary","6","0.211764709092677","2"
"7976","Febuary","3","0.230769231915474","1"
"7985","Febuary","1","0.0833333358168602","1"
"7991","Febuary","1","0.0399999991059303","1"
"7999","Febuary","80","0.5","1"
"8007","Febuary","3","0.230769231915474","1"
"8021","Febuary","4","0.307692319154739","1"
"8022","Febuary","1","0.0769230797886848","1"
"8035","Febuary","309","1.91967032104731","5"
"8043","Febuary","7","0.266666667535901","2"
"8044","Febuary","2","0.10989011451602","2"
"8045","Febuary","2","0.0125000001862645","1"
"8049","Febuary","12","0.284126985818148","3"
"8051","Febuary","3","0.0325757581740618","2"
"8053","Febuary","89","3.17857146263123","1"
"8117","Febuary","4","0.0499999988824129","2"
"8121","Febuary","9","0.059192410641117","8"
"8122","Febuary","7","0.0690301136928611","4"
"8124","Febuary","1","0.100000001490116","1"
"8125","Febuary","37","1.28000002503395","5"
"8127","Febuary","67","0.337473378377035","10"
"8128","Febuary","157","0.532982844436033","33"
"8129","Febuary","318","1.2222399922208","31"
"8130","Febuary","17","0.322268911304751","7"
"8132","Febuary","1","0.100000001490116","1"
"8133","Febuary","9","0.169090911746025","5"
"8134","Febuary","63","0.47334143639143","14"
"8135","Febuary","2","0.100666668149643","2"
"8137","Febuary","2","0.0340476207784377","2"
"8138","Febuary","29","0.112673995750291","7"
"8139","Febuary","3","0.121428575366735","2"
"8140","Febuary","36","0.359222693834454","6"
"8141","Febuary","8","0.488888906935851","3"
"8142","Febuary","12","0.240000006742775","4"
"8143","Febuary","55","0.766433233259401","12"
"8144","Febuary","158","0.662668313682926","22"
"8145","Febuary","6","0.03617788531119","4"
"8148","Febuary","3","0.0435087724278371","3"
"8149","Febuary","14","0.0197138067451306","8"
"8150","Febuary","101","0.354761914350092","4"
"8151","Febuary","4","0.0100735297892243","2"
"8153","Febuary","1","0.025000000372529","1"
"8156","Febuary","26","0.155911176931113","6"
"8157","Febuary","261","0.0840321408709648","41"
"8197","Febuary","3","0.150000005960464","1"
"8205","Febuary","179","0.350657059021456","23"
"8221","Febuary","53","0.0899674507180372","13"
"8225","Febuary","4","0.0033255525243779","3"
"8230","Febuary","5","0.0814270158298314","2"
"8255","Febuary","4","0.0673333368419359","3"
"8259","Febuary","7","0.411764711141586","1"
"8260","Febuary","603","0.296213101525791","60"
"8274","Febuary","140","0.342828427399085","11"
"8282","Febuary","22","0.41244048178196","5"
"8287","Febuary","28","0.074668463869867","11"
"8288","Febuary","21","0.149656488909386","6"
"8290","Febuary","411","0.152515802324775","37"
"8292","Febuary","19","0.0402556792409583","11"
"8293","Febuary","12","0.248366018446783","3"
"8296","Febuary","411","0.427649995191023","50"
"8298","Febuary","39714","1.12562733729858","373"
"8325","Febuary","134","0.128494008968119","12"
"8326","Febuary","1","0.0588235296308994","1"
"8332","Febuary","554","0.342483138553156","29"
"8333","Febuary","1","0.00571428565308452","1"
"8334","Febuary","885","0.223752981688853","54"
"8335","Febuary","28","0.0490507322829217","3"
"8336","Febuary","42","0.197127981069074","11"
"8339","Febuary","14","0.0348103588446975","5"
"8347","Febuary","73","0.11482674900908","15"
"8350","Febuary","219","0.0566686887073696","28"
"8351","Febuary","8","0.266666680574417","1"
"8353","Febuary","17","0.0833862447179854","3"
"8358","Febuary","1437","1.44254083155101","32"
"8369","Febuary","24","0.577777780592442","2"
"8370","Febuary","8","0.0215347992489114","5"
"8372","Febuary","126","0.117246672576584","24"
"8373","Febuary","1","0.0500000007450581","1"
"8374","Febuary","20","0.0316863196203485","8"
"8375","Febuary","1013","0.201838340543743","35"
"8380","Febuary","3","0.00666666682809591","1"
"8381","Febuary","4","0.0383333334078391","3"
"8414","Febuary","7","0.0159007816575468","5"
"8420","Febuary","1","0.0212765950709581","1"
"8424","Febuary","88","0.14332486604425","11"
"8425","Febuary","263","0.0903840144694021","55"
"8430","Febuary","51","0.109411815810017","10"
"8432","Febuary","1","0.0285714287310839","1"
"8433","Febuary","191","0.213041527119155","12"
"8445","Febuary","32","0.10125239074285","17"
"8446","Febuary","101","0.167006113484283","17"
"8471","Febuary","91","0.257549023488536","4"
"8472","Febuary","10","0.0219402263820585","9"
"8473","Febuary","15","0.090046891127713","4"
"8504","Febuary","13","0.0268058507353999","8"
"8509","Febuary","3","0.150000005960464","1"
"8516","Febuary","2","0.0058823530562222","2"
"8525","Febuary","43","0.215504419058561","9"
"8529","Febuary","2","0.0133333336561918","1"
"8530","Febuary","5","0.0191800204338506","4"
"8538","Febuary","10","0.13398693377773","3"
"8542","Febuary","40","0.237531565129757","6"
"8545","Febuary","1","0.0263157896697521","1"
"8547","Febuary","35","0.197222219159206","6"
"8548","Febuary","454","0.831103653247867","21"
"8549","Febuary","30","0.281800774546961","3"
"8550","Febuary","30","0.484999992263814","3"
"8554","Febuary","1","0.00196078442968428","1"
"8565","Febuary","34","0.213650794855009","6"
"8566","Febuary","5","0.0428478246554732","5"
"8569","Febuary","6","1.20000004768372","1"
"8573","Febuary","44","0.156234684418171","13"
"8581","Febuary","4486","0.480552910573673","130"
"8586","Febuary","21","0.188847121915647","7"
"8587","Febuary","1","0.0153846153989434","1"
"8588","Febuary","8","0.0867424262687564","4"
"8591","Febuary","1","0.00625000009313226","1"
"8592","Febuary","1","0.0058823530562222","1"
"8595","Febuary","4","0.0348598217048372","3"
"8600","Febuary","43","0.282836869620951","6"
"8603","Febuary","4","0.0957983204474052","3"
"8615","Febuary","18","0.274509804323316","3"
"8620","Febuary","20","0.0844709014313089","9"
"8627","Febuary","28","0.0991325556404061","9"
"8629","Febuary","2","0.0449999999254942","2"
"8633","Febuary","1","0.0166666675359011","1"
"8641","Febuary","1","0.00178571429569274","1"
"8649","Febuary","12","0.0901047611609101","5"
"8654","Febuary","3","0.0666666682809591","2"
"8668","Febuary","1","0.0357142873108387","1"
"8672","Febuary","1","0.025000000372529","1"
"8678","Febuary","16","0.116444446146488","5"
"8684","Febuary","1","0.0555555559694767","1"
"8685","Febuary","8","0.0833333358168602","3"
"8689","Febuary","2","0.0291666677221656","2"
"8705","Febuary","11","0.157004836481065","3"
"8707","Febuary","2","0.0642857151106","2"
"8712","Febuary","50","0.313203471899033","5"
"8718","Febuary","1","0.0500000007450581","1"
"8719","Febuary","1","0.0666666701436043","1"
"8721","Febuary","1","0.0500000007450581","1"
"8725","Febuary","58","0.317156860139221","8"
"8726","Febuary","1","0.0058823530562222","1"
"8728","Febuary","16","0.0845238121433391","9"
"8730","Febuary","2","0.0375000005587935","2"
"8731","Febuary","22","0.0583111826245758","11"
"8740","Febuary","1","0.0500000007450581","1"
"8741","Febuary","32","0.398309184820391","4"
"8748","Febuary","1","0.0357142873108387","1"
"8754","Febuary","1","0.0285714287310839","1"
"8760","Febuary","1","0.0285714287310839","1"
"8818","Febuary","34","0.517777762065331","3"
"8833","Febuary","4","0.100000003352761","2"
"8834","Febuary","6","0.0133333336561918","1"
"8835","Febuary","1","0.0399999991059303","1"
"8837","Febuary","73","0.21187416696921","8"
"8840","Febuary","38","0.592063508927822","3"
"8849","Febuary","2","0.00702614395413548","2"
"8851","Febuary","2","0.112500001676381","2"
"8852","Febuary","1","0.0285714287310839","1"
"8854","Febuary","53","0.372984028110902","6"
"8855","Febuary","11","0.0393479619330416","6"
"8877","Febuary","2","0.0666666701436043","2"
"8879","Febuary","62","0.235084031010047","4"
"8881","Febuary","9","0.0293359194183722","5"
"8896","Febuary","8","0.0113826237308482","3"
"8898","Febuary","66","0.0905323640576431","14"
"8899","Febuary","6","0.0173913046407203","3"
"8900","Febuary","28","0.0780273611308075","4"
"8902","Febuary","75","0.0824298344253163","28"
"8903","Febuary","174","0.55821276233635","9"
"8911","Febuary","81","0.0617664513605026","12"
"8913","Febuary","62","0.24910795116531","7"
"8914","Febuary","3","0.0051810258689026","3"
"8915","Febuary","94","0.26078502391465","9"
"8916","Febuary","86","0.407472534857404","13"
"8917","Febuary","898","0.911028679593333","49"
"8918","Febuary","4","0.02457264973782","3"
"8919","Febuary","29","0.162460317835212","4"
"8920","Febuary","1","0.0133333336561918","1"
"8921","Febuary","126","1.57250002678484","4"
"8922","Febuary","2","0.0666666701436043","1"
"8927","Febuary","49","0.184542123693973","6"
"8928","Febuary","14","0.0491228066384792","1"
"8931","Febuary","2","0.0666666701436043","1"
"8932","Febuary","1","0.00800000037997961","1"
"8936","Febuary","5","0.16666667163372","1"
"8939","Febuary","2","0.0117647061124444","1"
"8941","Febuary","45","0.107257747945065","6"
"8949","Febuary","1","0.0500000007450581","1"
"8950","Febuary","26","0.0590241552796215","10"
"8959","Febuary","3","0.0225490205921233","2"
"8961","Febuary","1","0.0111111113801599","1"
"8962","Febuary","2","0.0106334842275828","2"
"8964","Febuary","2","0.200000002980232","1"
"8968","Febuary","9","0.0382978729903698","1"
"8970","Febuary","19","0.924999976530671","2"
"8973","Febuary","1","0.100000001490116","1"
"8991","Febuary","3","0.100000001490116","1"
"9012","Febuary","25","0.50555557012558","3"
"9014","Febuary","29","0.0415595035301521","10"
"9016","Febuary","98","0.177276511257514","10"
"9018","Febuary","11","0.227419362713893","3"
"9020","Febuary","2","0.0207983201835305","2"
"9042","Febuary","39","0.102107093578929","18"
"9044","Febuary","22","0.70666666701436","3"
"9045","Febuary","9","0.0599999986588955","1"
"9046","Febuary","14","0.0931313893691238","7"
"9050","Febuary","252","0.0635943949704857","42"
"9051","Febuary","16","0.024318658746779","2"
"9052","Febuary","13","0.0141851105727255","2"
"9053","Febuary","4","0.0391666673434277","3"
"9054","Febuary","1","0.0058823530562222","1"
"9059","Febuary","24","0.0366272577931258","11"
"9060","Febuary","4","0.100000001490116","1"
"9062","Febuary","6","0.150000005960464","1"
"9063","Febuary","17","0.0559337078926287","7"
"9065","Febuary","350","0.575114003685303","20"
"9067","Febuary","21","0.221309527009726","5"
"9070","Febuary","2","0.036363635212183","1"
"9072","Febuary","1","0.00666666682809591","1"
"9073","Febuary","2","0.00381836952874437","2"
"9111","Febuary","3842","1.05812021234521","54"
"9135","Febuary","71","0.0889939330518246","7"
"9139","Febuary","1","0.0500000007450581","1"
"9142","Febuary","2","0.0235294122248888","1"
"9156","Febuary","5","0.222222226361434","3"
"9165","Febuary","16","0.189081019877146","12"
"9166","Febuary","2","0.0279365079477429","2"
"9167","Febuary","19","0.374239940196276","4"
"9169","Febuary","3","0.230769231915474","1"
"9175","Febuary","2","0.0909090936183929","1"
"9177","Febuary","2","0.400000005960464","1"
"9179","Febuary","53","0.279195525949555","14"
"9180","Febuary","1464","1.07851020960053","22"
"9181","Febuary","2","0.0525974039919674","2"
"9198","Febuary","20","0.0240855620035695","9"
"9199","Febuary","3","0.0342857139185071","2"
"9201","Febuary","54","0.0623529413715005","4"
"9203","Febuary","1","0.0058823530562222","1"
"9205","Febuary","23","0.506256506235028","6"
"9206","Febuary","2","0.00677521020406857","2"
"9208","Febuary","3","0.103448279201984","1"
"9210","Febuary","16","0.106871552698846","7"
"9212","Febuary","24","0.128452127877002","6"
"9214","Febuary","19","0.111283884849399","5"
"9215","Febuary","3","0.0458019111926357","3"
"9219","Febuary","1","0.0666666701436043","1"
"9220","Febuary","2","0.133928574621677","2"
"9229","Febuary","143","0.453051331271935","18"
"9241","Febuary","8","0.074484891287284","4"
"9244","Febuary","5","0.0648148174708088","3"
"9252","Febuary","6","0.0232494134455919","5"
"9274","Febuary","27","0.0735531511600129","4"
"9282","Febuary","2","0.0267857146682218","2"
"9283","Febuary","8","0.0898484831365446","3"
"9290","Febuary","15","0.31600000038743","5"
"9329","Febuary","65","0.112428894126788","10"
"9333","Febuary","56","0.185643055558424","17"
"9335","Febuary","3","0.0395833351649344","2"
"9336","Febuary","8","0.056812170582513","6"
"9340","Febuary","60","0.3016666688025","5"
"9341","Febuary","4","0.0629084971733391","2"
"9343","Febuary","2","0.00572192494291812","2"
"9345","Febuary","7","0.0225349891697988","4"
"9346","Febuary","42","3.81818175315857","1"
"9354","Febuary","255","0.374965456780046","20"
"9356","Febuary","1","0.0111111113801599","1"
"9357","Febuary","1","0.00384615384973586","1"
"9358","Febuary","11","0.0165714287897572","5"
"9366","Febuary","37","0.146854051970877","8"
"9370","Febuary","4","0.191666672006249","2"
"9371","Febuary","1","0.0212765950709581","1"
"9372","Febuary","14","0.0698862364515662","5"
"9373","Febuary","64","0.0851901991554769","16"
"9376","Febuary","55","0.193767604138702","10"
"9377","Febuary","4","0.400000005960464","1"
"9379","Febuary","3","0.0776785747148097","2"
"9380","Febuary","4","0.0466666681071123","3"
"9384","Febuary","2","0.0444444455206394","1"
"9385","Febuary","5","0.111111111938953","1"
"9393","Febuary","1","0.0222222227603197","1"
"9402","Febuary","2","0.0271276598796248","2"
"9407","Febuary","1","0.00625000009313226","1"
"9409","Febuary","3","0.0458333352580667","2"
"9412","Febuary","5","0.111111111938953","1"
"9414","Febuary","2","0.0402777781710029","2"
"9420","Febuary","2359","0.680874013202745","97"
"9437","Febuary","5","0.0241247918456793","4"
"9438","Febuary","22","0.229820518940687","5"
"9439","Febuary","50","0.21206502628047","8"
"9440","Febuary","19","0.0787179501993316","7"
"9441","Febuary","1","0.00800000037997961","1"
"9444","Febuary","3","0.133333336561918","2"
"9445","Febuary","20","0.0604770488571376","9"
"9446","Febuary","70","0.12479591875204","7"
"9450","Febuary","102","0.514333315193653","5"
"9451","Febuary","69","1.17389606758952","5"
"9452","Febuary","1","0.0500000007450581","1"
"9454","Febuary","6","0.143478263169527","2"
"9455","Febuary","2","0.00434962718281895","2"
"9457","Febuary","61","1.66142854373902","6"
"9459","Febuary","1","0.0555555559694767","1"
"9460","Febuary","1","0.0243902429938316","1"
"9461","Febuary","34","0.0906053716316819","5"
"9465","Febuary","12","0.16210311606604","6"
"9473","Febuary","2","0.0269607848022133","2"
"9475","Febuary","33","0.140984850681641","11"
"9476","Febuary","14","0.604395613074303","2"
"9477","Febuary","1","0.0500000007450581","1"
"9478","Febuary","1","0.0555555559694767","1"
"9479","Febuary","3","0.0298941802854339","3"
"9485","Febuary","2","0.100000001490116","1"
"9486","Febuary","1","0.00555555569007993","1"
"9487","Febuary","3","0.00428391053962211","3"
"9488","Febuary","2","0.0571428574621677","1"
"9492","Febuary","733","0.410551717915737","51"
"9503","Febuary","5","0.0885950878728181","4"
"9504","Febuary","20","1.99999995529652","2"
"9505","Febuary","1","0.0399999991059303","1"
"9511","Febuary","15","0.207916670013219","5"
"9515","Febuary","1","0.00952380988746881","1"
"9518","Febuary","1010","0.8634822286355","36"
"9519","Febuary","2","0.0125490198843181","2"
"9520","Febuary","1","0.00999999977648258","1"
"9522","Febuary","16","0.0420448594054","9"
"9525","Febuary","6","0.0600122117126981","3"
"9526","Febuary","50","0.642290255054832","7"
"9533","Febuary","7","0.0565952397494887","3"
"9534","Febuary","17","0.0937651824206114","3"
"9536","Febuary","55","0.065689910777534","15"
"9598","Febuary","5","0.0235098046250641","5"
"9609","Febuary","1","0.0028169013094157","1"
"9621","Febuary","2","0.0444444455206394","1"
"9625","Febuary","1","0.0166666675359011","1"
"9631","Febuary","15","0.136666670907289","4"
"9632","Febuary","2","0.0157349897781387","2"
"9638","Febuary","34","0.112629632271516","6"
"9644","Febuary","3","0.0308823534287512","2"
"9653","Febuary","2","0.0666666701436043","1"
"9657","Febuary","2","0.0340909091755748","2"
"9662","Febuary","13","0.140277776168659","4"
"9663","Febuary","3","0.00711692093561093","3"
"9664","Febuary","3","0.119999997317791","1"
"9667","Febuary","4","0.0584967335065206","3"
"9682","Febuary","1","0.0058823530562222","1"
"9686","Febuary","4","0.0140756304220607","3"
"9691","Febuary","1","0.0500000007450581","1"
"9701","Febuary","1","0.00190476188436151","1"
"9728","Febuary","3","0.0750000011175871","2"
"9742","Febuary","4","0.114285715855658","2"
"9747","Febuary","9","0.0467787118007739","3"
"9748","Febuary","1","0.0222222227603197","1"
"9750","Febuary","8","0.888888895511627","1"
"9757","Febuary","1","0.00555555569007993","1"
"9760","Febuary","1","0.00249999994412065","1"
"9770","Febuary","1","0.100000001490116","1"
"9775","Febuary","203","3.39583330601454","4"
"9776","Febuary","6","0.112500000745058","2"
"9779","Febuary","1","0.0243902429938316","1"
"9780","Febuary","6","0.220833328552544","2"
"9782","Febuary","7","0.0793716699699871","4"
"9787","Febuary","12","0.16043103649281","4"
"9791","Febuary","1","0.00444444455206394","1"
"9809","Febuary","59","0.0878577902247863","14"
"9819","Febuary","25","0.0424960616364842","8"
"9829","Febuary","16","0.888888895511627","1"
"9830","Febuary","1","0.100000001490116","1"
"9842","Febuary","7","0.151562505983748","2"
"9848","Febuary","5","0.0480537289986387","4"
"9849","Febuary","2","0.0799999982118607","1"
"9853","Febuary","5","0.0193507642485201","5"
"9854","Febuary","1","0.0166666675359011","1"
"9855","Febuary","1","0.00526315812021494","1"
"9856","Febuary","19","0.633333325386047","1"
"9857","Febuary","7","0.0750000011175871","2"
"9860","Febuary","193","0.0826349219714757","4"
"9861","Febuary","4","0.00572755432222039","4"
"9866","Febuary","20","0.0526783745914984","13"
"9871","Febuary","1","0.00370370363816619","1"
"9875","Febuary","3","0.300000011920929","1"
"9876","Febuary","1","0.00526315812021494","1"
"9882","Febuary","1","0.025000000372529","1"
"9883","Febuary","54","0.197500363737345","10"
"9886","Febuary","1","0.0199999995529652","1"
"9887","Febuary","1","0.0166666675359011","1"
"9889","Febuary","2","0.0399999991059303","2"
"9890","Febuary","1","0.0222222227603197","1"
"9897","Febuary","1","0.0285714287310839","1"
"9906","Febuary","6","0.0611325623467565","4"
"9907","Febuary","10","0.118077006191015","4"
"9910","Febuary","4","0.0590090099722147","3"
"9912","Febuary","2","0.0777777787297964","2"
"9922","Febuary","9","0.0304442894994281","8"
"9924","Febuary","5","0.0306787330967685","3"
"9928","Febuary","22","0.95652174949646","1"
"9930","Febuary","82","0.86620813421905","4"
"9931","Febuary","4","0.222222223877907","1"
"9932","Febuary","7","0.164285720326006","2"
"9936","Febuary","10","0.215652175247669","3"
"9942","Febuary","3","0.136111112311482","2"
"9944","Febuary","1","0.0058823530562222","1"
"9945","Febuary","6","0.0201680674217641","2"
"9947","Febuary","6","0.0705882385373116","1"
"9950","Febuary","1","0.0833333358168602","1"
"9952","Febuary","16","0.116884533703948","6"
"9954","Febuary","1","0.0285714287310839","1"
"9956","Febuary","4","0.161111112684011","2"
"9962","Febuary","3","0.0352941192686558","1"
"9963","Febuary","2","0.00472222233656794","2"
"9964","Febuary","1","0.0058823530562222","1"
"9971","Febuary","12","0.671190476122623","3"
"9973","Febuary","1","0.0357142873108387","1"
"9974","Febuary","2","0.0622710641473532","2"
"9975","Febuary","1","0.0769230797886848","1"
"9976","Febuary","1","0.0500000007450581","1"
"9987","Febuary","14","0.158333335071802","2"
"9988","Febuary","2","0.100000001490116","1"
"9989","Febuary","6","0.0934523815910022","3"
"9990","Febuary","7","0.0750000011175871","4"
"9991","Febuary","11","0.0275943716322737","7"
"9992","Febuary","2","0.0366666670888662","2"
"9996","Febuary","99","0.462777787446976","5"
"9997","Febuary","15","0.283333335071802","2"
"9998","Febuary","778","0.490209898841567","20"
"10004","Febuary","12","0.0620631349073457","7"
"10005","Febuary","1","0.025000000372529","1"
"10009","Febuary","7","0.119978634019693","3"
"10047","Febuary","1","0.0153846153989434","1"
"10051","Febuary","1","0.0833333358168602","1"
"10055","Febuary","8","0.101058203416566","6"
"10057","Febuary","5","0.119869871685902","3"
"10058","Febuary","2","0.0571428574621677","1"
"10062","Febuary","4","0.0427156662335619","3"
"10064","Febuary","1","0.03125","1"
"10065","Febuary","1","0.0285714287310839","1"
"10067","Febuary","29","0.290210650701608","7"
"10072","Febuary","65","0.154235461354256","5"
"10075","Febuary","3","0.00413165272523959","3"
"10076","Febuary","4","0.159999996423721","1"
"10077","Febuary","60","0.353632461900512","9"
"10078","Febuary","7","0.112500001676381","2"
"10079","Febuary","97","0.241766534396447","10"
"10080","Febuary","1","0.0500000007450581","1"
"10081","Febuary","1","0.00357142859138548","1"
"10088","Febuary","9","0.0764777266420424","5"
"10092","Febuary","6","0.0494082072400488","4"
"10112","Febuary","2","0.0166666675359011","2"
"10113","Febuary","100","0.126696057102986","19"
"10124","Febuary","3","0.200000002980232","1"
"10139","Febuary","5","0.227272734045982","1"
"10147","Febuary","94","0.241147873923182","5"
"10154","Febuary","9","0.145270273089409","4"
"10165","Febuary","93","0.607460599625483","12"
"10206","Febuary","2","0.0328502422198653","2"
"10209","Febuary","2","0.0666666701436043","1"
"10212","Febuary","2","0.16666667163372","1"
"10224","Febuary","1","0.00175438600126654","1"
"10225","Febuary","5","0.0247390111908317","4"
"10230","Febuary","5","0.0130532217444852","5"
"10235","Febuary","118","1.38823533058167","1"
"10241","Febuary","1","0.100000001490116","1"
"10243","Febuary","9","0.150000002235174","2"
"10245","Febuary","8","0.0784376607043669","4"
"10248","Febuary","6","0.0467142869407932","3"
"10249","Febuary","5","0.108333338052034","2"
"10251","Febuary","2","0.0666666701436043","1"
"10257","Febuary","1","0.00317460321821272","1"
"10258","Febuary","1","0.0625","1"
"10266","Febuary","4","0.200000006705523","2"
"10272","Febuary","1","0.100000001490116","1"
"10274","Febuary","2","0.200000002980232","1"
"10275","Febuary","5","0.0707957986742258","3"
"10308","Febuary","1","0.200000002980232","1"
"10313","Febuary","8","0.0827777792389194","3"
"10322","Febuary","36","0.188111892369177","7"
"10330","Febuary","1","0.0192307699471712","1"
"10331","Febuary","33","0.170833335258067","4"
"10333","Febuary","1","0.025000000372529","1"
"10335","Febuary","2","0.0167735046707094","2"
"10339","Febuary","8","0.400000005960464","1"
"10340","Febuary","1","0.0500000007450581","1"
"10347","Febuary","37","0.190945866589363","13"
"10348","Febuary","4","0.0987861854955554","3"
"10349","Febuary","27","0.127611046124782","7"
"10350","Febuary","3","0.150000005960464","1"
"10352","Febuary","1","0.0058823530562222","1"
"10353","Febuary","1","0.0222222227603197","1"
"10356","Febuary","18","0.207953672856092","5"
"10357","Febuary","11","0.160725014749914","4"
"10363","Febuary","4","0.168571433673302","3"
"10375","Febuary","36","0.103812567268809","9"
"10378","Febuary","209","5.71666655565302","3"
"10379","Febuary","6","0.0319148935377598","1"
"10382","Febuary","30","0.474754906259477","4"
"10389","Febuary","3","0.0750000011175871","2"
"10393","Febuary","2","0.200000002980232","2"
"10394","Febuary","51","0.646825385945184","7"
"10396","Febuary","1","0.0111111113801599","1"
"10397","Febuary","1","0.0500000007450581","1"
"10398","Febuary","4","0.400000005960464","1"
"10400","Febuary","46","0.641666673123837","4"
"10404","Febuary","1","0.0058823530562222","1"
"10407","Febuary","1","0.0133333336561918","1"
"10409","Febuary","1","0.00178571429569274","1"
"10417","Febuary","9","0.0627432110098501","6"
"10418","Febuary","8","0.199999997392297","2"
"10421","Febuary","19","0.0553221295122057","2"
"10424","Febuary","82","0.308413553982973","5"
"10426","Febuary","45","0.211509802099317","10"
"10427","Febuary","4","0.077777781834205","3"
"10432","Febuary","3","0.0857142880558968","1"
"10437","Febuary","1","0.0222222227603197","1"
"10439","Febuary","4","0.0467776705821355","3"
"10442","Febuary","2","0.0197916675824672","2"
"10443","Febuary","11","0.320512823760509","3"
"10446","Febuary","1","0.0833333358168602","1"
"10449","Febuary","7","0.277181576006114","3"
"10453","Febuary","12","0.0642746308003552","4"
"10454","Febuary","4","0.100000001490116","1"
"10456","Febuary","5","0.0169841269186387","3"
"10457","Febuary","2","0.117647059261799","1"
"10458","Febuary","273","0.713760450356252","24"
"10470","Febuary","2","0.0229411760810763","2"
"10475","Febuary","25","0.0801736587309279","4"
"10489","Febuary","4","0.168571433518082","2"
"10491","Febuary","13","0.0826646617497317","8"
"10502","Febuary","2","0.0500000026077032","2"
"10515","Febuary","283","0.170980347165217","12"
"10517","Febuary","1","0.0833333358168602","1"
"10522","Febuary","31","0.0744558479636908","6"
"10524","Febuary","2","0.0571428574621677","1"
"10525","Febuary","3","0.0458823521621525","2"
"10533","Febuary","9","0.0182738889319201","6"
"10543","Febuary","16","0.827777791768312","2"
"10555","Febuary","5","0.0320765441283584","4"
"10561","Febuary","9","0.123763559106737","5"
"10582","Febuary","1","0.0147058824077249","1"
"10599","Febuary","1","0.0833333358168602","1"
"10600","Febuary","65","0.383597883706292","6"
"10614","Febuary","8","0.0318166952347383","4"
"10623","Febuary","8","0.298333323560655","2"
"10637","Febuary","9","0.0529411770403385","1"
"10638","Febuary","296","0.12052659031802","14"
"10640","Febuary","1","0.00122549023944885","1"
"10641","Febuary","54","0.494471722282469","8"
"10642","Febuary","1","0.142857149243355","1"
"10652","Febuary","23","0.0405270496654945","12"
"10655","Febuary","3","0.375","1"
"10667","Febuary","1","0.0526315793395042","1"
"10668","Febuary","2","0.101136365090497","2"
"10672","Febuary","109","0.581039220870783","15"
"10681","Febuary","1","0.0222222227603197","1"
"10685","Febuary","1","0.00833333376795053","1"
"10688","Febuary","1","0.0222222227603197","1"
"10699","Febuary","3","0.150000005960464","1"
"10700","Febuary","5","0.019934640925688","3"
"10701","Febuary","15","0.0614916729537072","8"
"10705","Febuary","1","0.025000000372529","1"
"10706","Febuary","24","0.0656862749407689","3"
"10709","Febuary","265","2.40823407436255","8"
"10710","Febuary","3","0.0649999994784594","2"
"10712","Febuary","34","1.4500000141561","4"
"10713","Febuary","3","0.0100250630639493","2"
"10714","Febuary","67","0.0708382250741124","5"
"10715","Febuary","24","0.0910278648758928","6"
"10722","Febuary","18","0.0317970405125784","9"
"10723","Febuary","1","0.00249999994412065","1"
"10733","Febuary","2","0.133333340287209","1"
"10738","Febuary","23","0.027063101397029","7"
"10740","Febuary","24","0.648296719789505","5"
"10743","Febuary","2","0.0231249995995313","2"
"10755","Febuary","10","0.0982380978763104","5"
"10757","Febuary","1","0.0399999991059303","1"
"10760","Febuary","1","0.00370370363816619","1"
"10767","Febuary","4","0.0305882347747684","3"
"10777","Febuary","1","0.200000002980232","1"
"10796","Febuary","3","0.00904597516637295","3"
"10802","Febuary","3","0.104797982610762","2"
"10804","Febuary","2","0.00717703346163034","2"
"10815","Febuary","5","0.0747474767267704","3"
"10817","Febuary","44","0.259623022470623","10"
"10820","Febuary","6","0.0482777785509825","5"
"10821","Febuary","15","0.296296291053295","4"
"10823","Febuary","16","0.344444458683332","3"
"10857","Febuary","9","0.065952381119132","3"
"10858","Febuary","4","0.00382212892873213","4"
"10859","Febuary","85","0.102912075872369","17"
"10861","Febuary","18","0.110826214154561","6"
"10862","Febuary","1","0.0058823530562222","1"
"10865","Febuary","2","0.00866013090126216","2"
"10873","Febuary","4","0.0210526324808598","1"
"10876","Febuary","2","0.100000001490116","1"
"10877","Febuary","20","0.19102453548112","6"
"10879","Febuary","2","0.0222222227603197","1"
"10882","Febuary","8","0.0888888910412788","1"
"10883","Febuary","6","0.11845238506794","3"
"10884","Febuary","15","0.118830527578081","7"
"10887","Febuary","9","0.163928576745093","4"
"10891","Febuary","3","0.0320320324972272","2"
"10898","Febuary","2","0.0207983201835305","2"
"10899","Febuary","1","0.0666666701436043","1"
"10901","Febuary","4","0.0241312747821212","2"
"10903","Febuary","8","0.350000012665987","2"
"10904","Febuary","23","0.10188508592546","4"
"10905","Febuary","1","0.0199999995529652","1"
"10907","Febuary","3","0.0428571430966258","2"
"10918","Febuary","3","0.0093693695962429","2"
"10921","Febuary","20","0.057166379283775","11"
"10922","Febuary","87","0.0699861190570075","21"
"10925","Febuary","34","0.181149737232111","11"
"10932","Febuary","2","0.00422322785016149","2"
"10933","Febuary","17","0.0143724603630188","9"
"10934","Febuary","131","0.260076454860003","6"
"10936","Febuary","10","0.0185410832054913","4"
"10944","Febuary","1","0.100000001490116","1"
"10946","Febuary","3","0.0218020545629164","3"
"10947","Febuary","2","0.0117647061124444","1"
"10950","Febuary","6","0.0545528482180089","4"
"10953","Febuary","16","0.0184310868046143","9"
"10959","Febuary","81","0.522125382907689","12"
"10961","Febuary","1","0.0023809524718672","1"
"10973","Febuary","44","0.043231163173914","2"
"10975","Febuary","1","0.0142857143655419","1"
"10976","Febuary","1","0.0500000007450581","1"
"10984","Febuary","39","0.441162556409836","5"
"10990","Febuary","1","0.00249999994412065","1"
"10994","Febuary","1","0.0285714287310839","1"
"11002","Febuary","1","0.0153846153989434","1"
"11013","Febuary","1","0.00869565177708864","1"
"11016","Febuary","9","0.302666668221354","5"
"11018","Febuary","1","0.0333333350718021","1"
"11019","Febuary","23","0.0376741735963151","4"
"11030","Febuary","3","0.0150259469325344","3"
"11033","Febuary","5","0.0623211440009375","3"
"11035","Febuary","6","0.127450982884814","3"
"11045","Febuary","1","0.025000000372529","1"
"11048","Febuary","2","0.095238097012043","1"
"11060","Febuary","16","0.355769231915474","2"
"11070","Febuary","2","0.0799999982118607","1"
"11071","Febuary","3","0.0190660476995011","3"
"11075","Febuary","23","0.550000008195639","4"
"11076","Febuary","1","0.0666666701436043","1"
"11077","Febuary","2","0.0180555558763444","2"
"11085","Febuary","8","0.133333340287209","1"
"11086","Febuary","9","0.0311997241806239","5"
"11088","Febuary","5","0.0281461679376662","5"
"11091","Febuary","1","0.0769230797886848","1"
"11092","Febuary","5","0.141666667535901","2"
"11094","Febuary","159","0.0734150761854835","8"
"11096","Febuary","27","1.05000001564622","5"
"11103","Febuary","1","0.0454545468091965","1"
"11104","Febuary","2","0.25","1"
"11108","Febuary","1","0.0058823530562222","1"
"11109","Febuary","2","0.133333336561918","2"
"11129","Febuary","1","0.0500000007450581","1"
"11131","Febuary","2","0.0222222227603197","1"
"11139","Febuary","4","0.233333338052034","2"
"11141","Febuary","6","0.0109837064519525","4"
"11157","Febuary","1","0.0399999991059303","1"
"11162","Febuary","936","2.42919262931408","17"
"11163","Febuary","41","0.53895653039217","5"
"11167","Febuary","7","0.269230777397752","4"
"11170","Febuary","6","0.375","1"
"11183","Febuary","1","0.0058823530562222","1"
"11187","Febuary","19","0.223247872292995","5"
"11189","Febuary","110","1.30935674905777","3"
"11194","Febuary","3","0.0227015249741574","3"
"11200","Febuary","11","0.108333331843217","3"
"11204","Febuary","21","1.40000002582868","3"
"11206","Febuary","2","0.111111111938953","1"
"11207","Febuary","1","0.00869565177708864","1"
"11209","Febuary","9","0.0814814843858282","3"
"11210","Febuary","2","0.400000005960464","1"
"11211","Febuary","13","0.0824322170810774","9"
"11213","Febuary","2","0.0235294122248888","1"
"11216","Febuary","1","0.00571428565308452","1"
"11217","Febuary","2","0.0740740746259689","1"
"11219","Febuary","3","0.375","1"
"11220","Febuary","1","0.00999999977648258","1"
"11232","Febuary","6","0.600000023841858","1"
"11233","Febuary","3","0.150000005960464","1"
"11234","Febuary","4","0.0685714278370142","2"
"11235","Febuary","57","0.0602429067871223","15"
"11238","Febuary","6","0.00822734518442303","2"
"11239","Febuary","1","0.0399999991059303","1"
"11240","Febuary","3","0.116666670888662","2"
"11242","Febuary","10","0.16666667163372","1"
"11243","Febuary","5","0.0552941164933145","3"
"11249","Febuary","35","0.366276822052896","3"
"11250","Febuary","27","0.218057763180695","6"
"11255","Febuary","7","0.056661257520318","4"
"11269","Febuary","1","0.0333333350718021","1"
"11276","Febuary","1","0.00520833348855376","1"
"11281","Febuary","7","0.139022439019755","4"
"11289","Febuary","294","0.106649534590542","10"
"11301","Febuary","1","0.0199999995529652","1"
"11312","Febuary","3","0.100000001490116","1"
"11327","Febuary","2","0.0558823538012803","2"
"11329","Febuary","1","0.0399999991059303","1"
"11330","Febuary","3","0.0499999988824129","2"
"11342","Febuary","1","0.0333333350718021","1"
"11348","Febuary","12","0.188333337754011","5"
"11351","Febuary","1","0.025000000372529","1"
"11354","Febuary","3","0.0424755805870518","3"
"11358","Febuary","2","0.0133333336561918","1"
"11365","Febuary","1","0.0153846153989434","1"
"11372","Febuary","3","0.0461538471281528","1"
"11384","Febuary","68","0.768092942734559","3"
"11388","Febuary","2","0.222222223877907","1"
"11390","Febuary","5","0.0768115967512131","2"
"11392","Febuary","1","0.111111111938953","1"
"11399","Febuary","1","0.00196078442968428","1"
"11400","Febuary","1","0.00196078442968428","1"
"11412","Febuary","4","0.00629901971357564","3"
"11416","Febuary","5","0.0294117648154497","1"
"11418","Febuary","212","0.0598249709233642","5"
"11422","Febuary","2","0.0427272729575634","2"
"11424","Febuary","1","0.100000001490116","1"
"11427","Febuary","23","0.253846157342196","2"
"11428","Febuary","3","0.0698412709559004","3"
"11429","Febuary","111","0.73420911852736","8"
"11437","Febuary","3","0.0201960788108408","3"
"11439","Febuary","22","0.0141729900729842","10"
"11440","Febuary","1","0.00434782588854432","1"
"11442","Febuary","6","0.200000002980232","1"
"11446","Febuary","3","0.144444447010756","3"
"11460","Febuary","3","0.0272727273404598","1"
"11461","Febuary","4","0.0416666679084301","2"
"11462","Febuary","16","0.233333328738809","2"
"11463","Febuary","2","0.200000002980232","1"
"11472","Febuary","1","0.00666666682809591","1"
"11476","Febuary","159","0.148550755510639","7"
"11480","Febuary","4","0.0568965524435043","2"
"11481","Febuary","1","0.0058823530562222","1"
"11487","Febuary","5","0.0827205894747749","4"
"11490","Febuary","2","0.0154411767143756","2"
"11491","Febuary","31","0.527158050285652","5"
"11498","Febuary","1","0.025000000372529","1"
"11499","Febuary","3","0.0776315797120333","2"
"11518","Febuary","49","0.477708337595686","6"
"11547","Febuary","3","0.0235266813154643","3"
"11558","Febuary","3","0.0181818176060915","1"
"11569","Febuary","1","0.0222222227603197","1"
"11576","Febuary","9","0.0627777792979032","4"
"11577","Febuary","12","0.363636374473572","1"
"11579","Febuary","56","0.0887614287520674","11"
"11583","Febuary","1","0.100000001490116","1"
"11584","Febuary","1","0.00540540553629398","1"
"11590","Febuary","1","0.0500000007450581","1"
"11593","Febuary","4","0.133333340287209","1"
"11597","Febuary","15","0.0833333358168602","1"
"11599","Febuary","4","0.0344426268711686","3"
"11607","Febuary","1","0.0285714287310839","1"
"11609","Febuary","2","0.0743697511497885","2"
"11614","Febuary","1","0.0199999995529652","1"
"11616","Febuary","1","0.0333333350718021","1"
"11622","Febuary","1","0.025000000372529","1"
"11638","Febuary","1","0.0476190485060215","1"
"11639","Febuary","6","0.16666666790843","2"
"11652","Febuary","4","0.111111111938953","1"
"11656","Febuary","3","0.0158119661112626","3"
"11657","Febuary","23","0.0448290469357744","6"
"11672","Febuary","6","0.33333333581686","2"
"11677","Febuary","1","0.0270270276814699","1"
"11678","Febuary","3","0.428571432828903","1"
"11684","Febuary","4","0.200000002980232","1"
"11689","Febuary","2","0.0187500002793968","2"
"11696","Febuary","1","0.100000001490116","1"
"11697","Febuary","2","0.00314324971986935","2"
"11709","Febuary","1","0.0153846153989434","1"
"11710","Febuary","5","0.0604166672565043","4"
"11711","Febuary","2","0.133333340287209","1"
"11715","Febuary","1","0.00357142859138548","1"
"11718","Febuary","17","0.272215443352858","9"
"11737","Febuary","3","0.0145035121434679","3"
"11749","Febuary","1","0.200000002980232","1"
"11752","Febuary","15","0.1261904767404","3"
"11757","Febuary","2","0.100000001490116","1"
"11759","Febuary","2","0.0058823530562222","1"
"11777","Febuary","2","0.016193853225559","2"
"11784","Febuary","1","0.0333333350718021","1"
"11790","Febuary","18","0.0599872319726273","3"
"11802","Febuary","6","0.0784615393107136","3"
"11805","Febuary","1","0.142857149243355","1"
"11811","Febuary","4","0.1277777813375","3"
"11827","Febuary","5","0.195454552769661","2"
"11838","Febuary","3","0.0215909089893103","2"
"11840","Febuary","1","0.0399999991059303","1"
"11841","Febuary","1","0.025000000372529","1"
"11843","Febuary","1","0.0029411765281111","1"
"11844","Febuary","13","0.140426831529476","5"
"11846","Febuary","7","0.0321135893464088","4"
"11853","Febuary","8","0.533333361148834","1"
"11860","Febuary","5","0.0673015907717248","3"
"11871","Febuary","2","0.0799999982118607","1"
"11872","Febuary","1","0.0399999991059303","1"
"11881","Febuary","2","0.222222223877907","1"
"11890","Febuary","4","0.100000003352761","2"
"11892","Febuary","10","0.0454545468091965","1"
"11907","Febuary","18","0.210774406790733","2"
"11909","Febuary","7","0.601785738137551","2"
"11916","Febuary","3","0.0577777794872721","3"
"11920","Febuary","1","0.00156250002328306","1"
"11923","Febuary","3","0.0317647056654096","2"
"11934","Febuary","1","0.0114942528307438","1"
"11935","Febuary","1","0.0500000007450581","1"
"11941","Febuary","8","0.0877777791271607","3"
"11955","Febuary","4","0.400000005960464","1"
"11958","Febuary","2","0.010810811072588","1"
"11961","Febuary","3","0.0666666682809591","2"
"11966","Febuary","19","0.0437391054417406","7"
"11968","Febuary","2","0.111111111938953","1"
"11997","Febuary","22","0.766129031777382","2"
"12000","Febuary","2","0.00433006545063108","2"
"12001","Febuary","23","0.523611109703779","6"
"12009","Febuary","3","0.0428571440279484","1"
"12010","Febuary","1","0.0333333350718021","1"
"12019","Febuary","1","0.0833333358168602","1"
"12029","Febuary","5","0.0303333340561949","4"
"12031","Febuary","1","0.0117647061124444","1"
"12033","Febuary","1","0.0666666701436043","1"
"12035","Febuary","16","0.0987619043327868","5"
"12038","Febuary","3","0.0527027035132051","2"
"12039","Febuary","2","0.0126984128728509","2"
"12045","Febuary","8","0.0415371753818666","3"
"12047","Febuary","1","0.0500000007450581","1"
"12053","Febuary","5","0.10499999858439","2"
"12054","Febuary","14","0.0917351384802411","6"
"12056","Febuary","3","0.024414736777544","3"
"12058","Febuary","2","0.0267857146682218","2"
"12059","Febuary","9","0.0219729226548225","5"
"12063","Febuary","15","1.00058139534667","2"
"12078","Febuary","2","0.0529411772731692","2"
"12083","Febuary","2","0.0533333346247673","2"
"12086","Febuary","1","0.100000001490116","1"
"12087","Febuary","1","0.0454545468091965","1"
"12090","Febuary","1","0.0357142873108387","1"
"12092","Febuary","2","0.0258823526091874","2"
"12101","Febuary","1","0.100000001490116","1"
"12102","Febuary","1","0.0285714287310839","1"
"12103","Febuary","3","0.0811688341200352","2"
"12104","Febuary","2","0.0253968257457018","2"
"12107","Febuary","1","0.00999999977648258","1"
"12108","Febuary","38","0.109733796911314","4"
"12109","Febuary","30","0.0349047107156366","9"
"12114","Febuary","11","0.0955049166611085","6"
"12117","Febuary","3","0.108333335258067","2"
"12122","Febuary","1","0.0500000007450581","1"
"12123","Febuary","10","0.249999994412065","2"
"12124","Febuary","150","0.73246471685035","13"
"12125","Febuary","1","0.0399999991059303","1"
"12133","Febuary","1","0.00555555569007993","1"
"12143","Febuary","57","2.84999990463257","1"
"12154","Febuary","2","0.0666666701436043","1"
"12166","Febuary","1","0.0166666675359011","1"
"12168","Febuary","1","0.0285714287310839","1"
"12171","Febuary","7","0.00931165553629398","2"
"12172","Febuary","42","0.347153586490701","6"
"12174","Febuary","4","0.266666680574417","1"
"12176","Febuary","10","0.102072074264288","5"
"12181","Febuary","1","0.0285714287310839","1"
"12182","Febuary","15","1","1"
"12189","Febuary","204","1.31499997973442","5"
"12190","Febuary","1","0.00549450563266873","1"
"12191","Febuary","14","0.271778715541586","3"
"12195","Febuary","2","0.15384615957737","1"
"12203","Febuary","2","0.100000001490116","1"
"12206","Febuary","13","0.46868530412515","3"
"12208","Febuary","1","0.0434782616794109","1"
"12209","Febuary","6","0.334239130839705","2"
"12217","Febuary","24","1.20000004768372","1"
"12229","Febuary","31","0.699999984353781","3"
"12230","Febuary","4","0.266666680574417","1"
"12231","Febuary","3","0.00537348282523453","3"
"12233","Febuary","3","0.0308823534287512","2"
"12236","Febuary","2","0.100000001490116","1"
"12241","Febuary","4","0.266666680574417","1"
"12246","Febuary","15","1.875","1"
"12247","Febuary","25","0.838095225393772","2"
"12251","Febuary","3","0.428571432828903","1"
"12256","Febuary","32","2.28571438789368","1"
"12257","Febuary","1","0.0333333350718021","1"
"12260","Febuary","1","0.0270270276814699","1"
"12261","Febuary","3","0.100000001490116","1"
"12263","Febuary","12","0.300000011920929","1"
"12266","Febuary","26","0.290370375538866","3"
"12267","Febuary","2","0.0117647061124444","1"
"12270","Febuary","2","0.0384615398943424","1"
"12272","Febuary","2","0.0117647061124444","1"
"12279","Febuary","6","0.0360784316435456","2"
"12288","Febuary","1","0.00162601622287184","1"
"12300","Febuary","1","0.00357142859138548","1"
"12303","Febuary","6","0.165079372624556","3"
"12304","Febuary","8","0.0791666693985462","2"
"12317","Febuary","1","0.0058823530562222","1"
"12319","Febuary","1","0.0142857143655419","1"
"12320","Febuary","1","0.0909090936183929","1"
"12326","Febuary","4","0.140476193279028","2"
"12337","Febuary","2","0.0444444455206394","1"
"12343","Febuary","2","0.025000000372529","1"
"12347","Febuary","3","0.0369047636631876","2"
"12352","Febuary","32","0.0842816503718495","2"
"12353","Febuary","1","0.0333333350718021","1"
"12355","Febuary","4","0.0576923084445298","2"
"12356","Febuary","1","0.0399999991059303","1"
"12357","Febuary","7","0.233333334326744","1"
"12359","Febuary","2","0.0540540553629398","1"
"12366","Febuary","1","0.0142857143655419","1"
"12368","Febuary","3","0.600000023841858","1"
"12369","Febuary","2","0.400000005960464","1"
"12373","Febuary","1","0.0133333336561918","1"
"12375","Febuary","2","0.0181372557999566","2"
"12378","Febuary","3","0.375","1"
"12385","Febuary","1","0.0285714287310839","1"
"12386","Febuary","2","0.200000002980232","1"
"12392","Febuary","3","0.100862070452422","2"
"12393","Febuary","4","0.0476190485060215","4"
"12403","Febuary","1","0.0769230797886848","1"
"12410","Febuary","1","0.0058823530562222","1"
"12417","Febuary","50","1.42857146263123","1"
"12420","Febuary","1","0.100000001490116","1"
"12423","Febuary","1","0.0117647061124444","1"
"12424","Febuary","3","0.25","1"
"12428","Febuary","10","0.167922707895438","3"
"12429","Febuary","3","0.150000005960464","1"
"12430","Febuary","3","0.0529411772731692","2"
"12432","Febuary","1","0.0344827584922314","1"
"12437","Febuary","1","0.00357142859138548","1"
"12442","Febuary","7","0.174999997019768","1"
"12443","Febuary","1","0.00196078442968428","1"
"12460","Febuary","1","0.0333333350718021","1"
"12658","Febuary","278","0.491460309629994","7"
